class,tweet,positive_words,toxic_words
1,""" like Snoop said in 94 we dont love these hoes """,['love'],[]
1,""" nice girls bad, make me get naughty. Bad yello hoe, real nice body. Down south chick, like em real thick"" http://t.co/bzRDl3kF7U",['nice'],[]
1,"""@CCobey: @AydanMcCoy happy birthday nigs"" Thanks yo","['thank', 'thanks', 'happy']",[]
2,"""@DomWorldPeace: Baseball season for the win. #Yankees"" This is where the love started",['love'],[]
2,"""@El_Grillo1: Pit Bulls Photographed As Lovely Fairy Tale Creatures http://t.co/Q0Sm89oOLh&#8221;

They *are* fairy tale creatures.",['love'],[]
1,"""@King_Shawn_6: @white_thunduh that's where I get my yellow flags for being amazing &#128079;&#128524;"" HELL YEAH NIGGY",['amazing'],[]
1,"""@Loveable_Aizah: Big booty hoes everywhere sheesh &#128525;"" damn &#127807;&#128064;&#127807;",['love'],[]
2,"""@MaxMayo77: http://t.co/PrrskknqRv"" love frat boy w/ soft long soles",['love'],[]
2,"""@MotherJones: 10 birds your grandkids may never see, thanks to climate change http://t.co/XqmXHkAsWt http://t.co/RbITeGRnhm"" #Climate","['thank', 'thanks']",[]
1,"""@PRETTyBOSs_BRAt: We don't love these hoes &#128080;&#128581;""",['love'],[]
1,"""@Shun_stokes: My cousin said he share hoes with his brothers. He said sharing is caring and he love his brothers &#128514;""",['love'],[]
1,"""@TayKnosBest: These hoes is crazy""",['best'],[]
1,"""@TheOneMiss_Luu: Would you still love me when I'm no longer young and beautiful?"" No. Ugly monkey ass.","['love', 'beautiful']",[]
1,"""@YoungRicooo: &#8220;@WexicanAfro702: Don't take advantage of a nice person&#8221;@ hoes""@ everyjuan",['nice'],[]
2,"""@rugbysocklad: Fit lads! Nice gear! http://t.co/ThnXX1lC1M"" these scally lads n trainers would get it",['nice'],[]
2,"""@soxdawg: RAWR!! RT @skinrubberboi: ""My"" sexy French scally. I love him! #frenchscally http://t.co/5idQ3R5Akz"" sexy scally woof woof",['love'],[]
2,"""Brownies for my brownie"" I love this movie. &#128517;",['love'],[]
1,"""Girls that I dated, its okay I ain't mad yo, unless you stabbed me in the heart, no love hoe""",['love'],[]
1,"""Her great grandmas a hoe,her grandmas a hoe,her moms and a hoe, and she's a hoe! It's a long line of hoes!"" -Grandpa Carl everyone",['great'],[]
1,"""I don't love these hoes, baby It's me and you forever""",['love'],[]
1,"""No boats and hoes please thanks"" - Mom","['thank', 'thanks']",[]
1,"""So he's a good football player...but he still acts like a nig""",['good'],[]
1,"""That girl is plain looking borderline ugly &amp; chunky"". Hey at least she's got a nice smile &amp; a great personality.","['great', 'nice']",[]
2,"""Your teeth are like the stars."" ""Aww thanks!"" ""Yeah... yellow and far away from each other.""","['thank', 'thanks']",[]
2,#BlessJesusLove Happy Belated ( Sixty-Fifth) 65 Birthday *28 Aunt Mary Agnes #Strong,"['love', 'happy']",[]
2,#Ebola Great and I thought the panic from bird flu was bad. I really ain't got time for that.,['great'],[]
2,"#Glory Isaiah Mom asked me if I wanted a brownie I said, no thanks 
She said what are fasting,","['thank', 'thanks']",[]
2,#HappyColumbusDay !!!! If is wasn't for #America.................#KarlMarx would never have thought of sharing #colonialism with #injuns !!!,['happy'],[]
2,#HellYeah RT @BaconGawd #No RT @HuffingtonPost Happy Fall! Pumpkin Spice Oreos are here http://t.co/2prvsKantE http://t.co/hleYm0YC29,['happy'],[]
2,#NowPlaying : Great White - Once Bitten Twice Shy on #1069TheArrow - http://t.co/R5wuXA9jB6,['great'],[]
2,#PacerNation 4/4 on the road! Perfect way to continue after #iubb have finished #NBA #Pacers #indiana #hoosiers,['perfect'],[]
2,#Royals 2-1!! Fantastic. Ready for tomorrow's sweep of the disposed O's. #Yankees 4ever except this month.,['fantastic'],[]
2,#TBT love you forever ling ling &#128115;&#128114;&#128152; @brittneycordova http://t.co/KEcfNjyrwE,['love'],[]
2,#Yankees #SEC Robertson in. Guy is fantastic. SEC pitcher!!,['fantastic'],[]
2,#Yankees Nice bounce back @Michael Kay. Gotta keep this going!,['nice'],[]
2,#Yankees Pineda needed that 6'7. Great play!,['great'],[]
2,#gouache #inktober #oldpainting #mt #tiki #wahine #surf #monkey #bright #happysunday #peace wishing&#8230; http://t.co/l73hiK0IZ8,['happy'],[]
1,#honestyhour we don't love these hoes,['love'],[]
1,"#real RT @ImTooMuch: RT @d_lac: RT @WeavusChrist: RT @Tone314: Don't tell me if my gf was a hoe before me, if I'm happy.",['happy'],[]
2,#uppers loving the show this morning. Chris is directing the conversation beautifully. Make the teabaggers talk!,['beautiful'],[]
1,&#128514;&#128557;&#128128; RT @iDO_me2: Hood hoes love Harrell football team&#128528;,['love'],[]
2,&#193;lbum de fotos: csitaly: [TS3]Fairy Tail - Satan Soul Mirajane Strauss made with The Sims 3. Happy... http://t.co/b4i8EiMux2,['happy'],[]
2,&#8220;@ATrue_Cowboy: Truth about any distance for all you love birds out there! http://t.co/1Kqnw4LJ&#8221;,['love'],[]
2,"&#8220;@A_Brown_30: Frogger, best game ever&#8221; only cuz You suck at flappy bird",['best'],[]
2,&#8220;@BestOfAds: Rape? Cannibalism? You Won't Recognize The Original Versions Of These Fairy Tales http://t.co/PrnJ8EFAoi&#8221; man wtf,['best'],[]
2,"&#8220;@BurgerKing: What&#8217;s going to be your pick for #SelectionSunday? #2for5 #WatchLikeaKing http://t.co/aBam30gSk4&#8221;

Dis make colored folk happy",['happy'],[]
2,&#8220;@CaptainYankee2: Two of the best Yankees Derek Jeter and Joe Torre #JoeTorreDay http://t.co/XMyxfDBKOX&#8221; @jordan_luree,['best'],[]
2,&#8220;@CommonBlackGirI: here&#8217;s to all the kids who have never found their name on anything in a souvenir store&#8221; thanks mom for the ghetto name.,"['thank', 'thanks']",[]
1,&#8220;@Da_LoveBelow @bdvg_lat @DrTruth247 yall bare hoes yall dnt care bout ??&#8221; I spent my childhood in a wild hood,['love'],[]
1,&#8220;@EdgarGuillenjr: Lol good now I got them nasty rednecks off my back I can take care of business&#8221; @BlakeAnderson21 @Dalton_ryann he serious,['good'],[]
1,&#8220;@FullaCharisma And happy to be hoes too. Smh.&#8221;better than being in denial,['happy'],[]
1,&#8220;@ITSMeESPERANZA_: &#8220;@nhalegood: When hoes feel like their photo didnt get enough favorites http://t.co/xezFP0uybA&#8221; that's me &#128129;&#128128;&#8221; thirsty ass,['good'],[]
1,"&#8220;@MalikHasanImani: @1Bcarter what's good, family?&#8221;in the gym looking at hoes hit u later",['good'],[]
1,&#8220;@TooEffinCool The hoes love... #oomf &#128527; lol&#8221;,['love'],[]
1,"&#8220;@TreMelvin: hoes be like ""omg i love my new comb &#10084;&#65039;"" http://t.co/nuYjUx1SK3&#8221; thought this was Perro",['love'],[]
1,&#8220;@WorldStarFunny: we don't love these hoes http://t.co/WeKdL09bq5&#8221; @Ilovebamf &#128076;,['love'],[]
1,&#8220;@Xenoss_: I don't love these hoes&#8221; *we,['love'],[]
2,&#8220;@__Black_Jesus: &#8220;@lil_aerii: Happy new year &#127882;&#127881;&#127881;&#127881;&#127881;&#127881;&#127881;&#127882;&#127882;&#8221; check yo clock Hun we got another hour lol..&#8221;they just did the lil count down thing,['happy'],[]
1,&#8220;@_ajoyaaa: Victor &amp; shawn legs don't hurt? They jigg every damn night &#128530;&#8221;&#128514;&#128514;&#128514;,['joy'],[]
1,&#8220;@_kbhicks: @TheKaosYatti fb hoe lol&#8221;damn next time be nicer . Lmfao,['nice'],[]
2,&#8220;@anallanusa32: 83 you're really cool you're good at basketball. And your a zebra &#127936;&#128060;&#8221; is this @WillBall4Life?,['good'],[]
2,&#8220;@coltscommunity @Pacers @nflcolts @indystar #CHUCKSTRONG #GoldSwagger http://t.co/6q5wm3VU&#8221; thats awesome &#127936;+&#127944;=&#128077;&#128076;&#9757; #hoosiers,['awesome'],[]
1,&#8220;@connycarvajal_: Why u can't just love?&#8221; Because we don't love these hoes,['love'],[]
1,&#8220;@dnumberbefore2: Congrats to kim k .this a great day for hoes everywhere&#8221;,['great'],[]
1,&#8220;@jcash___: @VoiceOfDStreetz knowing I can picture that hoe in my head&#8221; he good now knocked the wind out that boy &#128514;,['good'],[]
1,"&#8220;@lovelyatotheb: @1Bcarter would love the Parkside sport girls, dressed like Kobe all day everyday!&#8221; Let me see 1 of them hoes",['love'],[]
1,&#8220;@nhalegood: When hoes feel like their photo didnt get enough favorites http://t.co/ZDf98BpF94&#8221;,['good'],[]
1,"&#8220;@noLove_moreLOUD: Shorty name is "" Masika"" and y'all surprised she a hoe.&#8221;&#128514;",['love'],[]
1,&#8220;@snoleezey801: @uce_INA we single cuz only hoes are left.. All the good ones taken lmao&#8221;&lt;-ANY FEMALE ON THE TL THATS SINGLE..You a sno-bop&#128514;,['good'],[]
1,&#8220;@tricethatruth_: Trap keep me fly that's why I love him &#10084; http://t.co/AleXGC24t4&#8221; ayyyyy you got that hoe at Forever 21 huh? &#128526;,['love'],[]
2,&#9733; BEST ASIAN MASSAGE ON THE Brooklyn Park slope --TOP RATED SPA &#9733;718-622-0221 - 24 http://t.co/6ZUxaQeaVL,['best'],[]
2,&#9733; BEST ASIAN MASSAGE ON THE Brooklyn Park slope --TOP RATED SPA &#9733;718-622-0221 - 24 http://t.co/ENSNf9RGPH,['best'],[]
2,&#9733; BEST ASIAN MASSAGE ON THE Brooklyn Park slope --TOP RATED SPA &#9733;718-622-0221 - 24 http://t.co/saWpjDtIGN,['best'],[]
2,&#9733; BEST ASIAN MASSAGE ON THE Brooklyn Park slope --TOP RATED SPA &#9733;718-622-0221 - 24 http://t.co/thXm7Hjo07,['best'],[]
2,&#9733; BEST ASIAN MASSAGE ON THE Brooklyn Park slope --TOP RATED SPA &#9733;718-622-0221 - 24 http://t.co/yRfdaIooYZ,['best'],[]
2,&#9733; BEST ASIAN MASSAGE ON THE park slope --TOP RATED SPA &#9733; 718-622-0221 - 24 http://t.co/1xTCOome3v,['best'],[]
2,&#9733; BEST ASIAN MASSAGE ON THE park slope --TOP RATED SPA &#9733; 718-622-0221 - 24 http://t.co/8KUzaPFCMF,['best'],[]
2,&#9733; BEST ASIAN MASSAGE ON THE park slope --TOP RATED SPA &#9733; 718-622-0221 - 24 http://t.co/Br7el4ZXrw,['best'],[]
2,&#9733; BEST ASIAN MASSAGE ON THE park slope --TOP RATED SPA &#9733; 718-622-0221 - 24 http://t.co/McOZNHt7N2,['best'],[]
2,&#9733; BEST ASIAN MASSAGE ON THE park slope --TOP RATED SPA &#9733; 718-622-0221 - 24 http://t.co/Nkvy9nwyzj,['best'],[]
2,&#9733; BEST ASIAN MASSAGE ON THE park slope --TOP RATED SPA &#9733; 718-622-0221 - 24 http://t.co/TQS3wPA6O7,['best'],[]
2,&#9733; BEST ASIAN MASSAGE ON THE park slope --TOP RATED SPA &#9733; 718-622-0221 - 24 http://t.co/ZsAAzFL0p5,['best'],[]
2,&#9733; BEST ASIAN MASSAGE ON THE park slope --TOP RATED SPA &#9733; 718-622-0221 - 24 http://t.co/dyYvrEJAm3,['best'],[]
2,&#9733; BEST ASIAN MASSAGE ON THE park slope --TOP RATED SPA &#9733; 718-622-0221 - 24 http://t.co/gPbi04YoBq,['best'],[]
2,&#9733; BEST ASIAN MASSAGE ON THE park slope --TOP RATED SPA &#9733; 718-622-0221 - 24 http://t.co/iuCRWOfDts,['best'],[]
2,&#9733; BEST ASIAN MASSAGE ON THE park slope --TOP RATED SPA &#9733; 718-622-0221 - 24 http://t.co/mLFuCqIIFA,['best'],[]
2,&#9733; BEST ASIAN MASSAGE ON THE park slope --TOP RATED SPA &#9733; 718-622-0221 - 24 http://t.co/pxwlZkWaCs,['best'],[]
2,&#9733; BEST ASIAN MASSAGE ON THE park slope --TOP RATED SPA &#9733; 718-622-0221 - 24 http://t.co/sPVogfyXZT,['best'],[]
2,&#9733; BEST ASIAN MASSAGE ON THE park slope --TOP RATED SPA &#9733; 718-622-0221 - 24 http://t.co/u3PzeV9E9q,['best'],[]
2,&#9733;@&#9733;@&#9733;@&#9733;@&#9733; GRAND OPENING ! &#9733;@&#9733;@&#9733;@&#9733;@&#9733; TOP CLASS &#9733; Oriental Massage &#9733; PERFECT !&#9733; http://t.co/2POFGc7ohC,['perfect'],[]
2,&#9733;@&#9733;@&#9733;@&#9733;@&#9733; GRAND OPENING ! &#9733;@&#9733;@&#9733;@&#9733;@&#9733; TOP CLASS &#9733; Oriental Massage &#9733; PERFECT !&#9733; http://t.co/FhGqF0RWBE,['perfect'],[]
2,&#9733;@&#9733;@&#9733;@&#9733;@&#9733; GRAND OPENING ! &#9733;@&#9733;@&#9733;@&#9733;@&#9733; TOP CLASS &#9733; Oriental Massage &#9733; PERFECT !&#9733; http://t.co/K2iBFLgs4Z,['perfect'],[]
2,&#9733;@&#9733;@&#9733;@&#9733;@&#9733; GRAND OPENING ! &#9733;@&#9733;@&#9733;@&#9733;@&#9733; TOP CLASS &#9733; Oriental Massage &#9733; PERFECT !&#9733; http://t.co/O8JoZOKFEI,['perfect'],[]
2,&#9733;@&#9733;@&#9733;@&#9733;@&#9733; GRAND OPENING ! &#9733;@&#9733;@&#9733;@&#9733;@&#9733; TOP CLASS &#9733; Oriental Massage &#9733; PERFECT !&#9733; http://t.co/zibllnm1ZS,['perfect'],[]
2,&#9733;@&#9733;@&#9733;@&#9733;@&#9733; GRAND OPENING ! &#9733;@&#9733;@&#9733;@&#9733;@&#9733; TOP CLASS &#9733; Oriental Massage &#9733; PERFECT !&#9733;/ http://t.co/4Hhxk9MKHe,['perfect'],[]
2,&#9733;@&#9733;@&#9733;@&#9733;@&#9733; GRAND OPENING ! &#9733;@&#9733;@&#9733;@&#9733;@&#9733; TOP CLASS &#9733; Oriental Massage &#9733; PERFECT !&#9733;/ http://t.co/dMXPLroaJ2,['perfect'],[]
2,&#9733;@&#9733;@&#9733;@&#9733;@&#9733; GRAND OPENING ! &#9733;@&#9733;@&#9733;@&#9733;@&#9733; TOP CLASS &#9733; Oriental Massage &#9733; PERFECT !&#9733;/ http://t.co/ydZYr4dVS4,['perfect'],[]
1,&gt;_&lt;.. RT @ItsTheBOOMshow @FricknAwesome metal monkey balls!,['awesome'],[]
2,'2' good: Jeter hero for Yankees in send-off http://t.co/oStFoBGuFa via @ESPNNewYork,['good'],[]
2,"'Scandal' sex scene airs on ABC right after 'It's the Great Pumpkin, Charlie Brown,' making parents angry http://t.co/vltSpK8U4S",['great'],[]
1,-5 RT @LoveMeDarlingg: 10. How many hoes do you REALLY have?,['love'],[]
2,.@AussieGrit loves Austin: http://t.co/HTtbU4OmZy Webber such a boon for @FIAWEC. #6HCOTA,['love'],[]
2,".@dawnbazely Thank you, Dawn. I see our state bird graces your avatar...",['thank'],[]
1,1 good girl is worth 1000 hoes,['good'],[]
2,"1) RT @naeluckyass: @ILoveBigTracy @Therealalonig no I'm not crossed eyed, I'm albino. Can't control that",['love'],[]
2,2 #iubb games when im in #bloomington #btown how good is that?! #ncaa #basketball #college #Indiana #iu #hoosiers,['good'],[]
1,"20k tweets hoe, I'd like to thank all my supportive fans &#9996;&#65039; more tweets to come.",['thank'],[]
1,4 fat hoes ina caddilac. U can tell they jus lost dey luxury car ride virginity#hoes too happy lmao,['happy'],[]
2,"5 bags of chips, 3 Rice Krispies, 3 seeds, 3 gummies, a pop tart, some crackers, 3 powerades, and a water yuhhh I'm good lol",['good'],[]
2,85 species of birds reported in Chesterfield for the Great Backyard Bird Count. How many in your area? http://t.co/DTLlzlXmPF,['great'],[]
2,85 species of birds reported in Chesterfield for the Great Backyard Bird Count. How many in your area? http://t.co/VIWMjjJxOT,['great'],[]
1,@ALatrice16 beautiful bride... Tell Erica congrats if she remembers a nig...,['beautiful'],[]
2,"@AlexAllTimeLow @JackAllTimeLow Please stay safe you guys! I love you so much, I hoe to one day meet you guys! happy Halloween :)","['love', 'happy']",[]
2,"@AllieLexiLove I like them dark, light, Carmel, white, red, tan, yellow, blue, purple, green. It doesnt matter what color they are",['love'],[]
2,"@AndrewTaran That's a nice color combo too, love the blue and yellow.","['love', 'nice']",[]
2,@Andyheybro the distant chugs at the end of Dried Up... remain to be some of the most perfectly heavy guitars ever recorded.,['perfect'],[]
2,"@AnthonyCumia @cokelogic 
Hey Antony you speaks colored good",['good'],[]
2,@Big_Jim777 happy birthday you dirty little bird &#128520; tear it up &#127867;&#127881;&#127880;,['happy'],[]
2,@BlakeAnderson21 thanks Hun! Haha,"['thank', 'thanks']",[]
2,@BookoutBj That's ghetto for super duper! It's the current generations best complement.,['best'],[]
2,@BriannaLovesA my trick is I wait for the bird to get close to the pipe and then tap the screen! So you never hit your head.,['love'],[]
2,"@BryanStars ATL, BVB, SWS, PTV, THE RELAPSE SYMPHONY, SET IT OFF, FAREWELL, MY LOVE, MAYDAY PARADE, FOB, PARAMORE, etc",['love'],[]
2,@Buster_ESPN Huh.....last 10 games..Tampa 8-2/Balt 7-3/Yanks 6-4...and they lost their best pitcher. Please explain your logic.,['best'],[]
2,@Bywatergal @Yankees @EmpireStateBldg That game winning hit in Thursday capped a great career. The guy is a 1st ballot HOF. Or else.,['great'],[]
2,@CAntista @Brelston @hEnereyG Eating a roasted potato and smiling till my cheeks are sore; the crow SFX in this Cape Crisis are super-great,['great'],[]
2,@CellNBuu ewwww her nips are DEF more perfect than that,['perfect'],[]
2,"@Charlie4927 Hi Charlie, have a great day",['great'],[]
2,@Chink_19 chink thats better then having the rug rats running around yah crib girl enjoy life lol,['joy'],[]
1,@DON_Le3GGG @TripleCz_3G Chatt niccas love doin dat brah,['love'],[]
2,"@DarthMaverick7 @Xcntrik @religulous @chrispyosh Rather than believe that there was a man who was the very definition of good, u mock it.",['good'],[]
1,@DavetheBrave1 perfect smoking weather haha bro I ain't even in my hood yet and I already got hoes trying to say was up from other towns,['perfect'],[]
1,@DimelouXaOh keeping these hoes happy,['happy'],[]
1,@DirtyEaffiliate he loves juggling it all around it... he loves the fast life im sure hes already grinded on amcon hoes as well,['love'],[]
2,@EmmaLouisaSuttl Hit the clam chowder.Thanks for the wishes and the card,"['thank', 'thanks']",[]
2,@FIFAcom Pepe because his defending was outstanding! His tackles were accurate nd he did hos job perfectly in both legs!,['perfect'],[]
2,"@GOPBlackChick @barrackobama just said u.s.was full of nice,giving,smart ppl.I thought we were mean,unexceptional,bitter clingers?#evolved?",['nice'],[]
1,"@GingerDemoness 
Den you enjoy da nite wit a colored man. We do it again in 2 weeks. Lets me no if I needs ta bring da magnums",['joy'],[]
1,@Gjulio34 we don't love this hoes,['love'],[]
1,@GrandeHead biiiiitch that hoe looks perfect haha but iight,['perfect'],[]
1,"@Great_White12 get it? Bc you called yourself a tool, I called you a hoe. Bc hoes are tools hahahaha I'm so funny",['great'],[]
1,@GwendolynC28 thanks nig&#128540;,"['thank', 'thanks']",[]
1,"@IAmPikey 
Well ho di doe. Thank you",['thank'],[]
2,@Ilovebamf Whats it say... I see bird in it... Lmao,['love'],[]
1,@Ilovebamf is my big long lost brother I swear. I don't know what I'd do without this wetback.,['love'],[]
2,@ImTooMuch bread in general aint too good for ya...but honky bread the worst...&#128514;&#128514;,['good'],[]
2,"@IntentionalTalk Half jar of marmalade, shaved monkey, saran wrap, mini horse. Give your best scene. #askkevin",['best'],[]
1,@IvetteBrianna_ you better feel the love... I don't even show these hoes love lol,['love'],[]
2,@JStarrTweets I took it harder when Rivera retired. I'm not a Yankee fan but I have a lot of love and respect for em. Especially the core 4,['love'],[]
2,@J_Logan And you know best about the bird moves...!!!,['best'],[]
2,@JamesdaJewison &lt;&lt;BEST NAME ON TWITTER EVER!! AKA; Jewbacca&lt;&lt;SECOND BEST NAME ON TWITTER!!,['best'],[]
1,@JawShoeeAhhh that means you're balling if you're Jewish lol I don't love hoes lol,['love'],[]
1,"@JimmyMcIver @jerrilyn71 @Doc_68W_ Just like ""FAT CHICKS NEED LOVE TOO"" I guess. 
Some Jeffrey Dommer Type would be all over that sloppy ho.",['love'],[]
2,@JjLoveUp tranny,['love'],[]
2,@JonahNRO No good options left indeed. This president makes Jimmy Carter look like a piker. So sad.,['good'],[]
2,"@Jpizzle651 I didn't really have one, was aware of Yankees, but always loved Dodgers uniform!",['love'],[]
2,@JudgmentalNYer @eveisapisces it always looks so nice! I was gonna buy this yellow one,['nice'],[]
1,@Juicy_james01 ain't no love 4 these hoes,['love'],[]
2,"@JunDishes get a can of WASP SPRAY. it shoots out 20 feet and cheaper than bear spay or mace, works just as good",['good'],[]
1,@KINSL3Y we dont love these hoes,['love'],[]
1,@KiKi_That_Seven Lol I'm not you just can't be sad about things you can't control. But when you walk that stage my nigglet I'll be happy :),['happy'],[]
2,"@LandRoverUSA Our ""Disco"" we used for disaster recovery was an awesome brownie points to how well built they are. Most extreme conditions!",['awesome'],[]
2,@LessThanJR And the Yankees gave you a win. :) Happy Birthday!!,['happy'],[]
1,@LessonswithKate - I'm jst fckn w/ you.&#128514; I've always wanted to jigg hella good too. we jst not wild enough to be in the circle cuz.&#128557;,['good'],[]
2,"@M_RagingBabe I'm not trying to be critical but Jr. literally looks like he just ate a pot brownie, got off a couch and put on his gloves",['love'],[]
1,@MakEitSndGoOd @Fewjr we block us then and see what happens. You think we on ya high yellow ass now. Just watch,['good'],[]
1,@MarsDaBlackman thats why the hoes love her...they can relate to being lonely &amp; depressed lol,['love'],[]
1,@MichhelleAshley its the truth... We dont love these hoes &#128581;,['love'],[]
1,@MichhelleAshley who is this we..? I dont love hoes,['love'],[]
2,@Mick_Peddicord8 thank you again mick,['thank'],[]
2,@Mika_Tan would be perfect w/a graham cracker flavored bun or a maple dougnut bar.,['perfect'],[]
2,@MillerCoors Thanks for the follow guys! I'm enjoying a cold yellow belly right now.,"['thank', 'thanks', 'joy']",[]
2,@Mr2damngood4u AS IN&gt; #nature #biology&gt; Dogs don't eat each other as much as birds do. Not everything is as it seems in human terms.,['good'],[]
1,@Mr_Greatness28 I send them hoes because ain't nobody gone play me but geez lmao not when they ask for them,['great'],[]
2,"@NYRKelsMads @popup82 Its Perfection. My brain crossed wires or something, I dont know why I came up with Concentration,maybe the ghetto one",['perfect'],[]
2,@Pepper_Redbone @Yankees @Mets Exactly by folks who can't favor to get into that lovely old stadium.,['love'],[]
2,@PeterClifford1 @Penny_G @AngryBraveHeart @SheikhKhalifaPM love H.birds! Used to feed them when I lived in WA state. Hv them on mtn in S.Ore,['love'],[]
1,@Piercethetit @Xenoss_ I don't love these hoes,['love'],[]
1,@Police_TactGear Article is flawed. Took my first CHP with BRPD. Was well done. Even had 2 ghetto gals with a jammy Hi-purnt 9 but well done,['well done'],[]
2,"@PushinUpRoses My current favorite line is Shea Moisture. It's at Target and CVS. Great for dry, curly, and/or colored hair.",['great'],[]
2,"@RainaluvsA in that picture yes, I haven't had an updated pic added the angel wing is colored now too, and thanks represents what I am ;)","['thank', 'thanks']",[]
2,"@RobertGBeckel: ""Do you know how good Ho-Ho's are at 2am?"" @AndreaTantaros answers, ""You haven't given up all your ho-ho's."" Whoa. @TheFive",['good'],[]
1,"@RottenStench 
Tanks a lot dare mr. Pubes. I love my Uncle Tom :)",['love'],[]
2,@RylannWilliams ok chill love bird lol,['love'],[]
2,@SBPart01 @melodybrooke11 fuzzy dice might be the nicest thing you could put in your car lol &#127922;&#127922;,['nice'],[]
1,"@SHanafin34 gotta love Tanner Country, hoes &amp; all,haha!",['love'],[]
2,@Sammy_Sicko Get me a bag of those pink n white coloured van sweets please. Thanks dude :-),"['thank', 'thanks']",[]
2,"@Strangleme Your mother looks like a tough-as-nails bird...I see where you got 1/2 of that from. Nice food, too!",['nice'],[]
2,"@SuSuSudafed
I eat dat chicken out your love box baby. Lovin a white woman while eatin chicken. A colored mans dream",['love'],[]
2,"@Swamper60 ""Happy Happy Helloween, Helloween whoa oh whoa ho"" @helloweenorg http://t.co/Tw0jeExqTy",['happy'],[]
1,@Tamorite @The_Greatest_10 The truth hurts nigguh.,['great'],[]
2,"@TeamSky yellow in paris! Fantastic effort from #AllezWiggo and #VroomFroome..now just the last stage up for grabs #GoCav #TDF12""",['fantastic'],[]
2,@TerryTGood @1DancingCrane The Moors used to give kids free lunch in the Bronx when I was a kid. Glad to see they are still doing good.,['good'],[]
2,@ThaReal_GaPeach got it! thanks Hun! ima text u,"['thank', 'thanks']",[]
1,@ThatFalconGirl I love you hoe!! Hahahhaa &#128536;&#128536;&#128536;&#128536;&#128536; #UglyAss,['love'],[]
2,"@TheBikeman99 My father was born in Nanticoke and attended Lehigh. I'm a CT Yankee, but love the Pennsylvania Dutch cooking :-)",['love'],[]
1,@ThomasNye1 oh u can dog her out but don't show that hoe no love if u doing it with ya ol lady,['love'],[]
2,@Titan4Ever2488 how are Yankees games on the radio? Good announcers?,['good'],[]
2,@Titan4Ever2488 some Mets fan tried telling me Rivera isn't of the best Yankees of all time because he is just a closer. WTF,['best'],[]
2,"@Tom_Morehart @cjc_is_alive @JoshuaTyl0r 9 of 15 BCS titles, $314 mil in revenue. It's great being in a redneck conference. And not in Ohio.",['great'],[]
1,@Tweenki_ thus you have the term redneck also.... The Creator is not mocked. Good for you...Excellent Precept Daughter!,"['excellent', 'good']",[]
2,"@TwoStarScoob good job tonight! You need to eat some crackers so,you'll stop throwing up !",['good'],[]
2,@WarriorRN61 @mrgeology you inferred he tried to ho to Nam. He did not. He dodged it. He is no great leader.,['great'],[]
2,"@Wizards_DnD @JimZub tranny dragons, eh? I know some people that will love this!",['love'],[]
2,@Yankees Only good thing about this season. #FireCashman .,['good'],[]
1,@YeIIowbang mannn Mexicans in Houston LOVE their high school freshman hoes,['love'],[]
1,@_CaliStrong - lol it's possible that a hoe can treat you the right way but will she love you the right way? No. A hoe will be a hoe.,['love'],[]
1,"@_CaliStrong - lol just think about it, there is a right way &amp; a wrong way to love someone. a hoe may just love you for what you got.",['love'],[]
1,"@_LezzzBeHonest 
I'm colored. Ain't supposed to be no good influence",['good'],[]
2,@adnanESPN Houston was top five in AHL attendance while Aeros were here. The transplanted snow bird would love a team.,['love'],[]
2,@aj2amazing Obispo ho. We'll do it big,['amazing'],[]
2,@baileymw22 you're the sole reason I come to that chipotle incase you didn't know. Keep up the good work babe,['good'],[]
1,"@bestassbestface omg ur finally losing ur patience. ""Cause ur a hoe!"" I love it. &#128514;&#128514; can't stop laughing.","['love', 'best']",[]
1,@bigksmoove them hoes look good,['good'],[]
2,@bitty_boop @Oreo cookies sound wonderful.,['wonderful'],[]
2,@cgoodwoman @stevenadamswv Crystal probably only person in world interested in my poor black hillbilly:Jamaica::poor white hillbilly:WV idea,['good'],[]
1,@charmarie hoe you are doing good too!,['good'],[]
2,@chrisbickert i want it! I love her gooks! she is awesome where did you get it?,"['love', 'awesome']",[]
2,"@claraoswined cute, but I love her yellow raincoat the most, the contrast with that&amp;her hair looks so cute! :P I love her face in your icon!",['love'],[]
2,@contrarian11 @YouTube yeah. great song. just watching the MSG concert of 1990 Yankee Stadium gig.,['great'],[]
2,@cumkwats thank you based pee slit,['thank'],[]
1,@danusaur @GoldenArmada_ we don't love these hoes,['love'],[]
2,"@edouglas528 I know how you feel,wait,no I don't. Perfect week for me would be Yanks not getting Lee #goSox #goPats",['perfect'],[]
2,"@edwards_cait ghetto, driving a nice car, and not having to pay a lot for rent. I drive a Lexus, and pay little rent. Just saying.",['nice'],[]
1,"@elementjetson thank you mint - happy Mothafuggin birthday too, hoe!! &#128155;&#9994;","['thank', 'happy']",[]
2,@fairflattaxnow discredited by whom? Per the government the study is good and factual. Pay your bills moocher teabaggers and republicans,['good'],[]
2,@fangsbites @the506 Huge Yankee fan....enjoy http://t.co/tKM8l9Ty,['joy'],[]
1,@feliciawolfee thanks hoe&#128522;,"['thank', 'thanks']",[]
2,@gabby_moscato @Huntermoore They would make a great baby bird pic bruh!,['great'],[]
1,"@ghostattics translation: ""i like how i dont really have to think about it"" or ""i dont think queers deserve a happy ending""",['happy'],[]
2,@goldnsilvercoin this guys company had best year EVER...under Obama....conservative teabaggers are scum,['best'],[]
2,"@grinand BTW, Happy Birthday, Charlie! Get better soon!",['happy'],[]
2,@heavensenttynae nd you kno how much I love clams lol,['love'],[]
2,@heavensenttynae you kno I love stuffed clams bai,['love'],[]
1,@iLoveQui that hoe suck,['love'],[]
2,"@ilovemytroops @SenatorTimScott I see. So you feel betrayed, your racism comes out. Shocked you didn't call him Uncle Tom you bitter loser",['love'],[]
2,"@intrepidokie nice lie #teabagger. Just because you want to see it doesn't make it real. Like Reagan was a conservative, another huge lie",['nice'],[]
1,@janisjayy all the real gangsters knoww nate aint never loved no hoe,['love'],[]
1,@jerseyzbest74 Aye hoe,['best'],[]
1,@jrsmith12 @jaynovel let these hoes be great,['great'],[]
1,@justinbieber nice wigger stache,['nice'],[]
2,@karmendanielle_ let the coons be great it's in the dream,['great'],[]
2,@kathleen_herne Stink should shut his hole &amp; just perform his tricks like a good trained monkey,['good'],[]
2,"@kayt27 poor coon.......snow stopped here,now if the wind would it might be nice out,well for winter",['nice'],[]
1,@lilylovescamel @auroraabartlett I like that your room isn't a big sloppy mess like most of these Twitter hoes,['love'],[]
2,@mfsasso or jim crow laws segregation lynching laws... anti womans suffrage laws... amazing how everyone doesnt want to bring that up,['amazing'],[]
2,@mickeyhart lookin good mick!,['good'],[]
2,@miquelpaniscus @ArcusGreatApes @graspunep The person actually holding the ape is NOT Paris. It's her sister,['great'],[]
1,@mrspinkyyyy what's the name of that hoe? Lol it sounds good,['good'],[]
2,@nhatty_ice49ers thank you jackass zebras,['thank'],[]
1,"@ploppy74 
And you a funny ofay! My mammy woulda been happy I made friends wit da folk dat brought us to da new world in chains",['happy'],[]
2,@pontotoc2 Aren't they the best? There story is here: http://t.co/Hs3nIFMueK. Now it's time to visit our yellow friends at @21cCincinnati!,['best'],[]
2,@rachel_gautreau @babyydrey hey Rachel G my name isint Kenneth ok let's just get that straight &#128070; you best be backing off before I go ghetto,['best'],[]
1,@rikki_lovee @StephyRae7 @TheOneMiss_Luu @GabrielaAngela4 Lets hangout Monday nigs?,['love'],[]
1,@rikki_lovee you're wearing my sweatshirt in your snapchat story hoe! Love you tho lol,['love'],[]
2,"@santagati that's bc I deleted ""visionary"" once I saw your subtweet. next time just @ me tho. (and I do love jail bird dresses.&#128513;)",['love'],[]
1,@schargel read the constitution you love. All spending starts in the House. Love uninformed teabaggers. #morningjoe,['love'],[]
2,"@shrekkalove 
You speak colored too?
I thinks I be in love",['love'],[]
2,@sweetlou462 thanks Hun. &lt;3 I'm so crushed. I love working out. It'll be 2months gone by the time I go back. :/,"['love', 'thank', 'thanks']",[]
1,@tcthegreat1 it's yo fault taking a nig out everyday,['great'],[]
2,@teapot Great GIF. Got a source URL for @gifs?,['great'],[]
2,@theejustinholt the redskins are doing pretty good this year &#128514;&#128514;,['good'],[]
2,"@thelovemaster ""I'm gonna nip you right in the bud!""",['love'],[]
1,@thesportsjudge. Sometimes a good hoe fire needs some Rocephin too before it'll go out.....,['good'],[]
2,"@toddgunter This, this, this. Pack it up and head to NYC, please. Enjoy being called a hick for a few years, come home humbled. #plans",['joy'],[]
2,"@tsmith4569 Sorry I missed that, you mean where I live is disgusting or that that muzzies in the UK r disgusting, or both? Have a great Sun.",['great'],[]
2,@tweebest clam it,['best'],[]
2,"@whits_20 Good read -&gt; RT @WIRED: Why your cat thinks you're a huge, unpredictable ape http://t.co/nzA3zUwugp http://t.co/P8F8Gmkufy",['good'],[]
2,@wienerherzog Perfect stock photography for an article about not letting a leprechaun-looking handyman get into your liquor cabinet,['perfect'],[]
1,@wodaeeex3 @aaliyahh_lovee yu betta watch cho mouf bout dat one dea hoe,['love'],[]
2,@xiibyte just watched your video good stuff thought I'd let you in on the new boss boon says old character but will be surprise. It's Argus,['good'],[]
2,@zhandlen I love WHITE NOISE and love Delillo. I&#8217;ve resisted reading HOUSE OF LEAVES for years. It mocks me on my shelf.,['love'],[]
2,A ghetto girl's best bet is to find work at a call center and try to climb that corporate latter.,['best'],[]
1,A nicca ain't perfect but my heart is pure,['perfect'],[]
2,"ATTN : All Brown University students, the stop and frisk protesters will be systematically dispersed into random U.S. ghettos. Good luck.",['good'],[]
2,After Deztinis session we needed this lmao Jk girl good yob lol http://t.co/3spfhBBkVD,['good'],[]
2,Ain't no love in the ghetto &#128148;,['love'],[]
1,Alibaba / Jack Ma: Gotta love a guy who beat Meg Whitman's albino ass back to the US. Freakin' commie genius.,['love'],[]
2,All I ever want is for someone to love me as deeply and devotedly as Charlie Kelly loves the waitress.,['love'],[]
2,"All good things must come to an end, that's all right get 'em tomorrow #Yankees",['good'],[]
1,All my old hoes gone love my video,['love'],[]
1,All the hoes on LoveandHipHop going to prom &#128514;&#128514;&#128514;,['love'],[]
1,"All them hoes crazy RT @Mr_NiceeeGuy: Thick thighs, &#128166; skinny waist, &#128591; and natural beauty face &#128149;",['nice'],[]
1,All you ofay got left is da Oscars. Better Enjoy dat before us colored folk get dat too!,['joy'],[]
2,Amazing. You know what they say about birds of a feather http://t.co/mefmPB3aW5,['amazing'],[]
1,An awesome Friday. Not a day for pre-weekend news-dumps anymore. Another weekend to celebrate progress my fellow queer folk!,['awesome'],[]
1,And these hoes ain't as good as they look..I need to take my own advice doee cause If that pusxy good then I'm good &#128569;,['good'],[]
2,Anyone want some absolutely amazing and deliciously fresh perfect monkey bread? &#128586;&#128584;,"['amazing', 'perfect']",[]
2,"As Chanice say that, I realize the coons move from drinking Moet to Belaire. All yuh feel all yuh so fancy with all yuh $30 champagne eh",['nice'],[]
2,Ay what are some good bars/clubs to hit up in Denver?? Should be up there Saturday night to coon out.,['good'],[]
2,Ayyyyy I'm sipping on a free slurpee and seeing The Front Bottoms tonight. I'm a happy clam.,['happy'],[]
1,"Basically, so...just do you. *shrugs* RT @CruzanChoklate: So if you're worried about being a ho or looking like one, good luck.",['good'],[]
2,Beautiful Fairy Elegant Dress http://t.co/ouxWbYTUt6,['beautiful'],[]
2,Been Huntin hard and finally nailed her. Best wedding koozie I've ever seen. #redneck http://t.co/D6SBSYaNN2,['best'],[]
2,"Being coons &#8220;@FatTravis_6200: At??? @TiFFANY_P0RSCHE: Y'all are amazing.""&#8221;",['amazing'],[]
2,Best behaved kids ever at mommy's commercial audition. Oreo McFlurries for everybody! #proudmom&#8230; http://t.co/9HFNSmaLcU,['best'],[]
2,Best of luck to Tino 'The Bambino' Martinez in Miami (your legacy is saved LOL) #Marlins #Yankees #RedSox #MLB,['best'],[]
2,Best rider? That goes to a blaxican.,['best'],[]
2,Breakfast of champions shrimp lobster balls (no sandusky) French fries nd a nice big Quahog (clam for&#8230; http://t.co/UajUkcoAfV,['nice'],[]
1,Buddy drug the whole train lmao good ... extra ass hoes,['good'],[]
1,Can I get some good neck out dis hoe?,['good'],[]
2,"Char-broiled #cod, yellow #rice, saut&#233;ed spinach and artichoke hearts. Made with love for @voxpulchra.&#8230; http://t.co/vWjWlghRGO",['love'],[]
2,Charlie Baltimore look good for 45 &#128563;,['good'],[]
2,Charlie and I!:) love that dog!!:) http://t.co/8AQXiYg6Ov,['love'],[]
1,Chicago hoes love pink lipstick &#128530;&#128533;,['love'],[]
2,Cleveland is the best team for manziel honestly the OC can use the offense he had with the redskins &amp; the browns D is nice wit a def HC,"['best', 'nice']",[]
1,Comcast stop being twat and actually work thanks,"['thank', 'thanks']",[]
2,"Come home from work to Bridesmaids, Twinkies and a bottle of wine #bestroommateever @TheFaithAnne",['best'],[]
2,Come on man RT @BasedLaRock: Oreo needs to chill &#128686;RT @TheDonDrew: You know about these @PremiumPete? good or nah? http://t.co/Mw9QXG3vFW,['good'],[]
2,Dad bought me a brownie shake #lovehim,['love'],[]
1,Damn rednecks outside shooting guns keep waking my kids up. No sleep for us tonight. Thanks #2A! Work at 8am is going to be so great...,"['great', 'thank', 'thanks']",[]
1,Detroit nicca but I'm good in the A!!,['good'],[]
1,Did we just become best friends with these hoes on the boat? Well probably so but we don't love em tho,"['love', 'best']",[]
1,"Do we love these hoes?

&#128514; &#128514; &#128514;&#128514;&#128514;
&#128514;&#128514; &#128514; &#128514; &#128514;
&#128514; &#128514; &#128514; &#128514; &#128514;
&#128514; &#128514;&#128514; &#128514; &#128514;
&#128514; &#128514; &#128514;&#128514;&#128514;",['love'],[]
2,Don&#8217;t believe AP&#8217;s ho-hum tone: latest poll is great news for Republicans - Hot Air http://t.co/5HHrFlFP13,['great'],[]
2,"Don't really care if a fighters black, white, yellow or Dalmatian. If he is good he is good.",['good'],[]
1,Dropped all my hoes for someone. But was that a good decision ? Find out on the next episode of DragonBallZ &#128514;,['good'],[]
2,Early worm gets the bird #Bslfe #GoodMorning http://t.co/dfE8MF2Q28,['good'],[]
2,Embrace it. Love it. Flip this group of mine runoff water colored turds off and make a pick.,['love'],[]
2,Enjoy 50% off @GreenFestival #DC tickets with our code and check us out at booth #640! Vegan brownies samples &amp; more! http://t.co/scDZnDk2Aq,['joy'],[]
2,Enjoying My bed. Just perfect For me My Teddy bear and monkey It. #Singlelife #bed #teddybear,"['joy', 'perfect']",[]
2,Enjoying the eccentricity of @RayEvernham's AmeriCarna. Charlie Daniels appearances in two of the three episodes I have watched.,['joy'],[]
2,"Everybody loves pot brownies, but I bring crystal meth cupcakes to a party, Suddenly I'm the weirdo",['love'],[]
1,Experience Charlie. Married woman who loves hot phone sex with strangers. Can you get me off? - 27 http://t.co/BjymDFo7pF,['love'],[]
1,Experience Charlie. Married woman who loves hot phone sex with strangers. Can you get me off? - 27 http://t.co/bpDqqPoGAe,['love'],[]
2,Experience Charlie. Married woman who loves hot phone sex with strangers. Can you get me off? - 27 http://t.co/jtsIjBULVC,['love'],[]
2,"First ""#tbt"" best and drunkest Yankees game ever #wheresColman #everclear http://t.co/pKnLCylu",['best'],[]
2,Flappy bird instead of studying? Sounds great.&#128527; &#128555;#flappybirdisruiningmylife,['great'],[]
2,"Frozen peas and 
ibuprofen. My new best friends # cripple",['best'],[]
1,Fuc u say ? &#8220;@AyyyeThatsChubb: All these hoes look good on IG&#8221; http://t.co/PlsFL84cDp,['good'],[]
1,"Gettin a lil midnight snack, best po-boys in town Genes with my nigs @yungnaughti and nick_swag_is_504 http://t.co/HHom4NxAKd",['best'],[]
1,"Girls be like ""10/23/12 I love you babe &lt;3"" hoe isn't that today?",['love'],[]
2,Golden Oreos are the best,['best'],[]
1,Good Morning to you hoes and pimps.,['good'],[]
1,"Good day, honkies.",['good'],[]
2,"Good day, honkies. ...I said GOOD DAY! ...honkies.",['good'],[]
1,"Good even-ink, honkies!",['good'],[]
2,Good evening Charlie and friends @Charlie4927 @StacyDmomof5 @PattiSM74 @cantUCIMblonde @Kacado,['good'],[]
2,Good morning Charlie @Charlie4927 @jrstws @qnoftherealm @SavvyHuman @scdorn @yrwol7 @PlainUnamerican @ErickInNC @PuterPrsn @tomwfry,['good'],[]
2,Good ol' Charlie. #wwc http://t.co/U3kkrlwOqk,['good'],[]
2,Good pick birds,['good'],[]
1,"Good thing about you hoes, u aint hoes forever. ur expiration date will come to",['good'],[]
2,"Good! She's a ghetto thug! &#8220;@grasswire: ""So FPD just arrested @SenNasheed for being in the street. #Ferguson&#8221; https://t.co/puIwlUnBIz&#8221;",['good'],[]
2,Goodbye hop plants ! Time to dink u!!!! Luv it!!! http://t.co/ImsIE8MKJm,['good'],[]
2,Goodbye x Young Dolph featuring Trinidad James &amp; Shy Glizzy,['good'],[]
2,Got chunky marmalade today of a greatful customer for my service over the past 2 yrs #PostieTweet #ServiceMatters http://t.co/pSEnGvyxrw,['great'],[]
2,Gotta love the undignified sprint across the yellow light to transfer buses because the first one was dawdling,['love'],[]
2,Great lead battle and then Ricky hits Danica for a yellow. Oh boy. #NASCAR,['great'],[]
1,Happy Birthday hoe!!! I'll always love you even if we go a year without talking bc you're petty you're still my sister&#128514;&#128149;&#10084;&#65039; @_askaboutbrandy,"['love', 'happy']",[]
1,Happy Birthday nigguh keep your blunts fat and your cups filled :) @BigDaddySniper,['happy'],[]
1,Happy bday @wizkhalifa I love you my nigguh #livingLegend,"['love', 'happy']",[]
2,Happy birthday bird! @codyflitcraft,['happy'],[]
1,Happy birthday nig @Khyzzer1 ! Miss your black ass &#128514;&#128526; #TU,['happy'],[]
1,Happy birthday pops aka old negro spiritual aka the man who said I was an accident. 64 never looked so&#8230; http://t.co/Igq8v6RIHH,['happy'],[]
2,Happy birthday to my pops. Old negro spiritual is 64 today lol,['happy'],[]
2,Happy hangover #Bloomington #btown #iubb #IU #Indiana #hoosierdaddy #HoosierNation #hoosiers the resurrection is now complete. #ncaa #big10,['happy'],[]
1,He only favorites your tweet about him to keep his other hoes happy,['happy'],[]
2,He's a pretty damn good actor. But as a gay man it's awesome to see an openly queer actor given the lead role for a major superhero film.,"['awesome', 'good']",[]
1,Hell I believe you too!RT @DaRealQuitaM: @VonshayeB lol I still look good I'm smaller than half these hoes,['good'],[]
2,Hey @Yankees fans is this a good score ? #lookingformore http://t.co/HLQAl7cIGf,['good'],[]
2,Homemade Soup is very good with vegetables on the side with crackers http://t.co/LiRwGwkdzE,['good'],[]
2,How many #Yankees players have 3K hits? You have to put #DerekJeter in the conversation for Best Yankee Ever. His numbers demand it.,['best'],[]
1,"Humble personality, not a hoe. RT @LoveMeDarlingg: 21. Best non-physical feature the opposite sex can have?","['love', 'best']",[]
2,"I LOVE my 10 &amp; 5 but most days they remind me why birth control is important later in life.

I miss my ""baby bird""! Come home, 18!
@somehoee",['love'],[]
2,I am currently using a yellow marker that is literally called 'Spanish Orange' for this drawing of @Wikiparaz ; absolute perfection.,['perfect'],[]
2,I am extremely sad to have to admit that some of the best 21st century Arabic rhymes have been written by Jihadis,['best'],[]
1,I can turn a hoe into a housewife. Cause i know how to love. Thats all their missing.,['love'],[]
1,I can't ever eat roast beef anymore without thinkin bout dark skin twat.. thanks a lot twitter/ig,"['thank', 'thanks']",[]
2,I don't know what you been told but I love them project hoes,['love'],[]
1,I don't love my hoes I love a couple not all &#128514;&#128514;,['love'],[]
1,I don't love you hoes.,['love'],[]
1,I don't want me no good girl I fell inlove with these freak hoes,"['love', 'good']",[]
1,I dont love these hoes .,['love'],[]
1,I gotta get it while da gettin good my nigguh,['good'],[]
1,I hardly text back so these hoes love to phone me,['love'],[]
2,I have no clothes that make me look like a redneck but I tried my best &#128514;,['best'],[]
1,"I just love that ""tweaking hoe tweaking hoe song that's the only part I no &#128584; wee be getting money so we ball out some sme sme",['love'],[]
2,I learnt about birds as a child. Best time to learn @BBCRadio2,['best'],[]
2,I love Liv when she gets ghetto,['love'],[]
2,I love floating monkey heads as much as the next person but Active Surplus' website is just redonkulus. http://www.activesurplus.com/,['love'],[]
1,I love going to @Walmart and looking at #guns with my wife. We talk about them in Spanish as the rednecks stare at us and reconsider #2A.,['love'],[]
1,I love how hoes be like omg warped tour yayyyyy #gaaaaaaaaaaaay,['love'],[]
2,"I love how we can marry and still be the same queer, messy, funny, fabulous, dramatic community we've always been. Why I love us.",['love'],[]
2,I love jigg jigg&#128514;,['love'],[]
2,I love me some chunky babies &#128525;&#128525;,['love'],[]
2,I love the acoustic domes in the hallways. Favorite place to sing in public. No lie. http://t.co/G6Az9ryUbQ,['love'],[]
1,I love this ho @nerissaloren http://t.co/I5obSnjj,['love'],[]
2,I love watching birds migrate. Wish I understood why it's such a peaceful sight.,['love'],[]
2,I love wearing fuzzy socks to work,['love'],[]
1,I love when my mom goes to the grocery store until she gets home and I have to carry it all in. Then it sucks monkey nuts,['love'],[]
1,I love you my nigguh but your a grown ass man https://t.co/utZj6I5Uhj,['love'],[]
1,I say we all do a big fat line of meth after the finale...come on you pussies :P #GoodbyeBreakingBad,['good'],[]
2,I talked to some birds... I fell in love again..,['love'],[]
2,I want to go to the pumpkin patch but the love birds will make it a date and then the rest of us will be uncomfortable.,['love'],[]
2,I was in love with Charlie &#128553;,['love'],[]
2,I'd be the best at owning a bird. I could teach them the funniest things to say.,['best'],[]
2,I'd do anything for an Oreo vanilla bean drink from dunkin &amp; a chocolate chip muffin from there too..I'm starving &amp; that sounds so good now.,['good'],[]
2,"I'm Camera Shy, Don't Talk on Phones and Love when it rain.....If youn kno the life you wouldn't understand",['love'],[]
1,"I'm officially dubbing that nasty, un-natural shade of red that looks good on no one that you usually see in the ghetto ""hood red"".",['good'],[]
1,I'm thankful for dem big booty hoes doe #realtalk,['thank'],[]
1,If @IamShady_ didn't know I love your coon ass cuz &#128514;&#128514;&#128514;,['love'],[]
2,"If Temple beats Rutgers today, I will be a happy clam.",['happy'],[]
2,If anyone wants to bring me a sweet tea to my party.. That'd make my bday perfect.. Well that and cracker barrel &#128525;&#128525;,['perfect'],[]
1,If she ain't yo lady u better not text her ass good morning quit treating these side hoes like wifey material,['good'],[]
1,"If she makes a good sandwhich and she give a good blowy, wife dat hoe up. That way you can eat while she eatting",['good'],[]
2,If you a hoe ima treat you like one just like if you're a good girl ima treat you like one. I don't discriminate,['good'],[]
2,Is Yankee in a good mood today or what,['good'],[]
2,It be so good to not gotta woyke in da moanin. I da only colored dat woyke cuz colored folk be lazy and lives off da white guilt,['good'],[]
1,"It's a Bob Schieffer holiday now, he's proud and smitten that he's the ""good white guy,"" hicks be damned! Everything is 1965. Everything.",['good'],[]
1,Jay-Z got 1 of the baddest EVA that proves men don't really need to look good to pull these hoes want security,['good'],[]
1,Jungle Fever be my favorite movie. Dat white girl love dat colored mans thang. She take it hard and deep. Drive dat girls daddy wild crazy,['love'],[]
1,Just dropped dat fine ass woman @GingerDemoness. We has da best chicken eva. I spectin some lovin but she a lady and da colored thang,['best'],[]
2,"Just spoke w/ @HispanicLinkNS legend, mentor Charlie Ericksen. Great to catch up w/ those who helped open doors for Latino journos #thankful","['great', 'thank']",[]
1,Let the niccas feel on her booty.. lmaoRT @55OptimusPrime: take her to the hood were they do most good,['good'],[]
1,Let these hoes be great &#9996;&#65039;,['great'],[]
2,Let's be serious. Most fans/callers wanted to run heavily and dink and dunk. doesn't work great against a D you can't get extra yrds against,['great'],[]
2,"Lmao the shovel video is pretty awesome, she went down like a ton of bricks lol. Gotta love honky riff raff savages. That is all.","['love', 'awesome']",[]
1,Lol RT @MsTamarShawnice Most chicks that go to Enon are hoes or reformed hoes,['nice'],[]
1,Lol. Nice crutch hoe.,['nice'],[]
1,Love fat hoes n tight clothes n granny panties seeeexxaaaay.,['love'],[]
2,Love is a bird of flames. Thank you for that song @DAVID_LYNCH @chrysta_bell,"['love', 'thank']",[]
1,Mane wtf I wake up look at da window it's showin like a mf outside...Good thing a nicca went to Walmart yesterday Good Aone snacks,['good'],[]
2,Maybe I don't feel too great because I only got 3hrs of sleep. Surely it's not last nights boxes of cookies &amp; crackers dinner! &#128055; &#128534; #chunk,['great'],[]
1,"Maybe I'll love you one day, maybe we'll someday grow. Till then just sit your drunk ass on that runway hoe.",['love'],[]
2,"McCann, although not having the greatest of seasons, would be a step up from Russel Martin. McCann or Carlos Ruiz #MLB #Yankees",['great'],[]
1,Miley Cyrus got the hardest song in the club &#128514;&#128514;&#128514;&#128514; j's ain't on my feet tho these hoes love these boots &#9996;&#65039;&#9996;&#65039;&#9996;&#65039;,['love'],[]
2,Mississippi state fans are the best to just mock. It's so easy. Poor state. It's hard getting wins against top 25 opponents. #FailState,['best'],[]
1,"Momma always told me I was crazy , am the hoes say I'm amazing but I don't listen to a lady !",['amazing'],[]
1,Momma always told me I was crazy and the hoes say I'm amazing but I don't listen to a lady,['amazing'],[]
1,"Montana, Wisconsin, Maine, New Hampshire, North AND South Dakota, Wyoming. All places you can move an ex-hoe to and be happy.",['happy'],[]
2,My baby boy asleep with my monkey that I had since I was little! I love my son so much! http://t.co/ioSARfS3rO,['love'],[]
2,My best friend says I don't need to be in love right now .... he thinks its too soon to love monkey....,"['love', 'best']",[]
2,My bf @iamthedannibal loves crows. Thought he might enjoy the last tweet!,"['love', 'joy']",[]
2,My black queen dreading my hairs.Thank you Most High for this Moor Queen I asked you for.I want to BE BEtter with her http://t.co/iFmRPJGyIC,['thank'],[]
1,My goal one day is to own a nice Rolex and wear that hoe everyday,['nice'],[]
1,My hoes love to go shoppin,['love'],[]
1,My homeboy got a hoe number on house arrest ... i said that's good she won't ask to go anywhere,['good'],[]
1,"My house is so piece full, thank god these little jungle bunnies are outta my face",['thank'],[]
2,My mom didn't buy me Oreos she doesn't love me,['love'],[]
2,My nig kkeldalegend took me out for some more of that good old New Orleans soul food! http://t.co/vCBKAcQBHV,['good'],[]
2,Nature's majesty is beautiful! *melts butter* RT @AP: PHOTO: Rare blue-colored red king crab caught in Alaska waters: http://t.co/Ia5kFoU2B3,['beautiful'],[]
1,Nikki Minaj is proof that natural is better ! Minimal is best ! Some of y'all hoes be overdoing it,['best'],[]
2,No cuz redskins are dumpster juice RT @trackinBlackKev: game of the week. still the best rivalry in sports,['best'],[]
1,"Not just exist, but contribute. And contribute to things they themselves enjoy. That often it's a queer person behind those products.",['joy'],[]
1,"Not the type to take it slow, turn a good girl into a hoe. #spookyblack",['good'],[]
2,Nothing good on TV and the @Yankees are eating their balls 3 innings in. Great.,"['great', 'good']",[]
2,Now I'm listening to lil spook getting the good kinda sad Imma be single this fall I know you'll getting annoyed with me on your TL but aye,['good'],[]
1,OGs Love too See a yung nicca come up,['love'],[]
1,"Offensively, Joe Johnson just as good as LeBron. If not better. Don't @ me pussies",['good'],[]
1,"Okay I'm gonna need for everyone to stop calling Rihanna a hoe , k thanks .","['thank', 'thanks']",[]
2,One of @Mark_Schlabach best looks too. RT @McMurphyESPN: Charlie Weis couple months ago hanging w/Nelly http://t.co/yWvVg51z6w,['best'],[]
1,Only hoes love me,['love'],[]
1,Open mouf kissing my nig... &#171;@DiSTinctive_Mae @nobetternoworst lol.....Sam love him some kissing smh lol&#187;,['love'],[]
2,Overripe eggplants are not good eats. #UNCLEtweet,['good'],[]
1,Pappadeaux got the best chicken strips I swear I squeeze lemons over them hoes!,['best'],[]
1,Patty dont love these hoes,['love'],[]
2,Peace my friend..Only Peace..I am not your enemy..Dont say that word again..Look at my Facebook wall..One of my best friends ever was a Moor,['best'],[]
1,Phone disconnected like a hoe :/ thank god for shmediums hot spot lol,['thank'],[]
1,Please &#8220;@oldirtyjesus: shut up hoe &#8220;@MARlSOUL: I'm honestly a nice person&#8221;&#8221;,['nice'],[]
1,"Quisiera amarte no puedo no, mi mama me dijo dont love them hoes",['love'],[]
2,"RT @1TRIKOfficial: @ItsNotAdam No prob! Def a good early set energy tool! If you want to tune in, http://t.co/hxfJWy3Jab in less than an ho&#8230;",['good'],[]
2,"RT @1goodlookingman: Bees won, Mets won, and the Yankees lost. It's a good day in baseball.",['good'],[]
2,RT @5SOS: It's the best thing ever driving past crowds of people at shows and seeing bandannas coloured hair 5sos shirts that you've made o&#8230;,['best'],[]
2,RT @AbortionFunds: Grateful for the profound hospitality of volunteers who open their homes to patients traveling long distances for abo ...,['grateful'],[]
2,"RT @AliyahKorea: #Whiteculture thinking weave is ""ratchet"" and ""ghetto"" while ""extensions"" are perfectly fine.",['perfect'],[]
1,RT @AllHailTaron_: Bruh thank you I'm about to start cumming in these hoes just to scare them. http://t.co/cMCek4h6cv,['thank'],[]
2,RT @AmazingTiming: Bad monkey! #AmazingTiming http://t.co/UD5XkiaNVt,['amazing'],[]
1,RT @AmberrrNicollle: You tweet about how you're never good enough for a guy maybe it's because you're a hoe,['good'],[]
2,RT @AndrewLuck23: Charlie Crist says OCare has been great? #ccot #tcot #teaparty #PJNET #Independents @jjauthor @BettinaVLA @FLGovScott htt&#8230;,['great'],[]
2,"RT @AprilStearns: RT @GN192 Far right hero and all-around RWNJ D'Souza took to twitter on Thanksgiving to mock Trayvon Martin, a murdered k&#8230;","['thank', 'thanks']",[]
2,"RT @ArianaGrande: Oh Torrence, I can't stand your cheer leading squad but I love your pom poms... I'll feed you bon bons all night.",['love'],[]
1,RT @BJayBlast: Damn near in love with all them hoes when I'm with em.,['love'],[]
1,"RT @BJayBlast: I love my family, but I wouldn't even need water to pop that Red Pill. That hoe is getting taken swiftly. http://t.co/wtXEOm&#8230;",['love'],[]
1,RT @BestOfFOD: These 5th grade hoes ain't loyal&#128514;&#128557; http://t.co/vU3xNaLags,['best'],[]
1,RT @BestOfMessages: Lil hoe http://t.co/kIAoQYr3I4,['best'],[]
1,RT @BestOfNike: Nike beanies #NikePorn http://t.co/nN4Vo90htj,['best'],[]
2,RT @BestOfWorldStar: Charlie Sheen did the ice bucket challenge the right way http://t.co/IjS0b0VtoY,['best'],[]
2,"RT @BestSagittarius: #Sagittarius can be compassionate towards other people when they want to be, especially towards the ones they care abo&#8230;",['best'],[]
2,RT @BigJonBul: The stars wink knowingly and smile at each other when they see two lovers kissing on a secluded bridge on a balmy autumn nig&#8230;,['love'],[]
2,RT @BoutCrazed: The best way to make a hillbilly do something is to tell him he can't do it.,['best'],[]
2,"RT @BrandonTierney: Crooked number followed by shut down frame, love it. #Yankees",['love'],[]
1,"RT @Brendaaaa05: I'm in love with mary jane and codine
I don't love these hoes",['love'],[]
2,RT @BriannaLovesA: I'm so sick head colds suuuck. And on top of that @justusabbott had to challange me to a beer chug &#128567;&#128567;,['love'],[]
2,RT @BurgerKing: Chicken Fries. @Oreo Shake. Perfection. http://t.co/PdiGLRbhJZ,['perfect'],[]
1,"RT @CauseWereGuys: It's bros before hoes, not bros before your girlfriend. If you find a good girl, she needs to be put above everything. T&#8230;",['good'],[]
1,"RT @CauseWereGuys: Sex on 1st date dont mean you a hoe, waiting 120 days wont make you a wife, cute pics dont mean you happy &amp; having a tit&#8230;",['happy'],[]
2,RT @ChinaAfricaBlog: A nice round-up of voices in #China #Africa relations: 'China-Africa Trade: The Oriental Allure' http://t.co/7DWJovmeB&#8230;,['nice'],[]
2,RT @ChristineKKTV: Great weather to hit up the slopes this weekend... @Arapahoe_Basin &amp; @LovelandSkiArea open Saturday! #COwx #skiseason ht&#8230;,"['love', 'great']",[]
1,"RT @ClicquotSuave: Perfect vision....Me, my niggs, mas hoes, mas clicquot, mas dom p, mas moet, ""my type of party"" blasting out a Cali condo",['perfect'],[]
2,"RT @CoIlegefessions: ""My roommate is having sex and I'm eating Oreos. It's gonna be a great year!"" - Kutztown University",['great'],[]
1,"RT @CraziestSex: Sex on 1st date dont mean you a hoe, waiting 90 days wont make you a wife, cute pics dont mean y'all happy, having a title&#8230;",['happy'],[]
2,RT @CyFyre: @WesOrrJames love you too my nig #squad,['love'],[]
2,RT @DanaPerino: Was just handed this on my flight. Must be in good hands on this bird! http://t.co/7vJwDCdTxV,['good'],[]
2,RT @DanielGennaoui: A bird that courts females by building a beautiful nest with bright objects: http://t.co/gi2rRlGRo6 &#8230; #wildlife http://&#8230;,['beautiful'],[]
1,RT @DeolaCola: They don't make R&amp;B like THIS anymore!!!!!!! Dudes used to make you feel good about busting it wide open not call you a hoe &#8230;,['good'],[]
1,RT @Doctor_Johnson_: You can't appreciate a woman if you're entertaining hoes.,['appreciate'],[]
2,"RT @DonnieWahlberg: Happy #BLUBLOODS Friday! 

Off to @CBSNews to sit down with the gang on CBS This Morning!

Join us in the 8 o'clock ho&#8230;",['happy'],[]
2,RT @Drfreezeburnn: Just spent a good twenty mins trying to teach my bird the skyrim theme song. Then I realized that he was a bird.,['good'],[]
2,RT @Elisaa_Martinez: Happy birthday cotton picker lol @1NOnlyDirtyMike,['happy'],[]
1,RT @FREECEV: we don't love these hoes http://t.co/vWt4i9POc2,['love'],[]
2,"RT @FriendlyAssh0le: Todays Horoscope: 

you're still a hoe

That is all. have a nice day",['nice'],[]
2,RT @GatorDwqam: Everytime I see Nelson Agholor make a play I want to puke. Kid should've been a gator. Thanks Charlie Cheeseburger.,"['thank', 'thanks']",[]
1,RT @GreaterThn: When you see bae retweet or mention some hoe http://t.co/864iI0yIoV,['great'],[]
1,RT @H8UHOES: Alot of good girls made a twitter &amp; became a hoe for the attention they don't receive from their fathers.,['good'],[]
1,"RT @HBCUfessions: ""Mannn these hoes for everybody"" other words don't love these hoes especially at - FAMU...",['love'],[]
1,RT @HBCUfessions: My body count went from 1 to 9 in one semester... I'm not a hoe just love sex -FAMU,['love'],[]
1,"RT @HYPEBEASTAUSTIN: love one of you bucket headed hoes 

noway.",['love'],[]
2,RT @Harry_Styles: @kathygriffin I just found an Oreo in my pocket... Is it yours? Thanks for looking after it .xx,"['thank', 'thanks']",[]
1,"RT @HelloCupkake: Too many good single girls, too many hoes taken.",['good'],[]
2,"RT @HeroineAddict: 15 y/o me totally understood 'Twin Peaks'.

40 y/o me can't seem to follow these 'The Great Outdoors' Goldfish crackers &#8230;",['great'],[]
2,RT @HitmanHolla: RT @AYEVERB: OK I'm watching mook vs lux....neither of them was good... But mook won 3-0 ..this wasn't CLOSE to me vs hitm&#8230;,['good'],[]
1,"RT @HoodBibIe: ""Side hoes get no love"" - Thotology 6:13",['love'],[]
1,RT @I_Be_kOoLz Rough face hoes be having all the kids...Who did this to u???&#128553;&#128553;&#128553; + Self esteem issues.More kids = secured love.,['love'],[]
1,"RT @IamMrEchols: Lmao &#8220;@GuruJeremy: A hoe's best excuse is ""it just happened"" lol. No. You being a hoe just happened. It's okay to admit it&#8230;",['best'],[]
1,RT @IamRicoLove: These hoes turn into contortionist just so u can see their ass &amp; their smile in the same picture. Smh! It's hard work thir&#8230;,['love'],[]
1,RT @IamTysonBettis: When u love her none of them hoes matter..,['love'],[]
1,RT @If_ItAint_B: Message to the homies...dont blow a good girl. Having hoes is childish...in the end they do nothing for you either.,['good'],[]
2,RT @Ilovebamf: I held you like a baby bird.. &#128546; and now you come at me like this.. These friends ain't loyal &#128546;&#128557; http://t.co/WinZvfxdL8,['love'],[]
1,RT @JAYREIDOFFICIAL: Check out JOY and PAIN my nicca @Im_Yung_Jay #mme1636 #blackkingz https://t.co/EZuQc2KnYG,['joy'],[]
2,RT @JOEL9ONE: Thanks Carolina fans 4 the flipped birds+few bottles to the head. Sticks n stones may break my bones but aluminum zimas will &#8230;,"['thank', 'thanks']",[]
2,RT @JOscarJr: @paullemat Happy Birthday! Take a spin in that yellow coupe... #shutemdown http://t.co/xGy7gIGOn8,['happy'],[]
1,RT @JimmyCollinsss: @WesOrrJames all love my nig,['love'],[]
1,RT @KattWilliams: me as a good friend: *supports and encourages ur hoe activities*,['good'],[]
1,"RT @KermitIsASnitch: You always say we dont love these hoes, yet yo girl a hoe... http://t.co/EuoOl79WDQ",['love'],[]
2,RT @KianteDevuan_: Beautiful smiles and colored eyes&#128525;,['beautiful'],[]
1,RT @KingCurtisJayy: Ugly hoes love to fight lmao . They ain't got none to lose &#128553;&#128514;,['love'],[]
2,"RT @LVL_KY_Events: Nov 22,2012: Thanksgiving Dinner: 2:00pm: Proof on Main. A day being preoccupied with a giant bird in your... http:// ...","['thank', 'thanks']",[]
1,RT @LakeShOwQueen: Kevin Love out here bein a hoe... Just let the world know u gonna be a Laker 2015 season dawg,['love'],[]
1,RT @Laynesmithh: When you're a local in pc you can't love anybody because everybody turns into hoes on springbreak,['love'],[]
2,"RT @LeMarquand: Jihadi-In-Chief Hussein Urges restraint in Fighting Islamic Butchers&#8252;&#65039;Apparently, we SHOULD be nice to ISIS...we might hurt&#8230;",['nice'],[]
1,"RT @LosBeOnIt: Sex on 1st date dont mean you a hoe, waiting 90 days wont make you a wife, cute pics dont mean y'all happy, having a title d&#8230;",['happy'],[]
1,RT @LuisEnriquez94: You don't love her if you keep a couple other hoes on the side,['love'],[]
1,RT @LynkinTheDog: @TNasty4Teen I do not love these hoes,['love'],[]
2,RT @MeganCammalleri: Thank you to the Perkins student section for participating in the yellow out. We all really appreciated it!,"['thank', 'appreciate']",[]
1,RT @Mmadifresh: Still wishin all of my old hoes the best,['best'],[]
1,RT @MvckFadden: Treat good girls like a queen and treat hoes like garbage,['good'],[]
2,RT @NiallOfficial: Absolutely perfect day in London! Suns out! Gona be a cracker at wembley tonight ! Yeaaaaahhhh!,['perfect'],[]
2,RT @NickSwagyPYoung: Happy Halloween from Rick James (aka Swaggy) and Charlie Murphy ( @bigmeat2000 ) haha darkness everybody http://t.co/y&#8230;,['happy'],[]
1,"RT @Nostradamnisuck: Mary had a juicy clam,
Was always good to go
Little touch of boated man
And she began to flow

#HallmarkNostraCollecti&#8230;",['good'],[]
1,RT @Now_Thats_Fresh: Hoes love exposing other hoes on twitter,['love'],[]
1,"RT @O_MyGotti: you have a girlfriend, stop asking these hoes to be your bestfriend.",['best'],[]
2,RT @OnionSports: Yankees Unveil Beautiful Derek Jeter Cage In Monument Park http://t.co/vv6urct4jd http://t.co/gWBNHDyhMl,['beautiful'],[]
2,"RT @Oreo: @Honda Wow, and we thought we were the only ones with a luxurious interior #OreoLove #StufOfLegend",['love'],[]
1,RT @OurGreatAmerica: RT if you think twitter should change the bird logo to a badass bald eagle #Merica &#127482;&#127480;,['great'],[]
2,"RT @PBSAmerMasters: Happy birthday, Bob Newhart! The comedic legend turns 85 today: http://t.co/YOSx2VdAjb #AmericanMasters http://t.co/gew&#8230;",['happy'],[]
1,RT @PornPunter: I love how sweet girls have sweet pussies http://t.co/JprbhUXfdP,['love'],[]
2,"RT @PurelyFootball: Well done to @kimabakken who correctly answered Almeria. 26 yellow, and 1 red card so far this season.",['well done'],[]
2,RT @QtipTheAbstract: Derek Jeter ... A class act... A great Yankee... A 1st ballot Hall of Fame inductee to be,['great'],[]
1,RT @RAYCHIELOVESU: I just don't understand the grey area of being a hoe but lying about it. Like close your legs OR just be about that life&#8230;,['love'],[]
1,RT @RTNBA: 0 Love for these hoes http://t.co/nFxNhHw0dJ,['love'],[]
1,RT @RahleeFranklin: Them hoes so damn nice &#128175; http://t.co/jn0ieBdnZQ,['nice'],[]
2,RT @RamonRoblesJr: Good morning Baton Rouge. @ajohnson_a having a nip of @MBMoonshine http://t.co/5JZH1BhWWk,['good'],[]
2,"RT @RayHudson: Art thou the bird whom Man loves bestThe pious bird with t/ scarlet breast, Our Robin;that leaves these summer winds sobbing&#8230;","['love', 'best']",[]
1,RT @RealScottieTee: Girls dress like hoes and wonder why good guys aren't attracted to them... http://t.co/dLRk2I04hO,['good'],[]
1,"RT @RealSexNotes: Sex on 1st date dont mean you a hoe, waiting 90 days wont make you a wife, cute pics dont mean y'all happy, having a titl&#8230;",['happy'],[]
1,RT @ReeseZamora: @daxmw23 Dax we don't love these hoes,['love'],[]
1,RT @RhineRunIt: Henny &amp; hoes. RT @TiFFANY_P0RSCHE: Peace &amp; tranquillity &#8220;@daddykn0wsbest: If you were a Greek Mythical God&#8230;what would u be &#8230;,['best'],[]
1,"RT @RickNothing: I love how ""twat"" is gender neutral.",['love'],[]
2,RT @RussBrandon: Thanks to Mr Wilson for passing along this tremendous responsibility. My sole focus is to empower our leadership to bui ...,"['thank', 'thanks']",[]
2,"RT @SSparklesDaily: The most beautiful women I've met have bruised souls, tired eyes, &amp; quiet smiles. The survivors. The ones who know abo&#8230;",['beautiful'],[]
2,"RT @SethMacFarlane: And thus endeth our warm, fuzzy holiday lesson: Never take those you love for granted, for they can be gone in a flash.",['love'],[]
1,"RT @SexTaIk: When you have a good girl, say no to hoes",['good'],[]
2,"RT @ShadyLadyHH: When the rose-colored glasses come off and you still want to be there, true love happens.",['love'],[]
1,RT @Shakilaahh: - LOOOOOOL&#128557; 2nd best tweaking hoe vine&#128557; https://t.co/m6Anq9CQS9,['best'],[]
1,"RT @SheisJasNicole: Them hoes are temporary, but a good woman will always be a good woman.",['good'],[]
2,RT @ShelleT1986: Great start the morning! My daughter danced herself into the coffee table and gave herself a nice shiner... Yea she's a wh&#8230;,"['great', 'nice']",[]
2,"RT @SimplyPerfectt_: Girls, don't let a guy treat you like a yellow starburst. You are a pink starburst.",['perfect'],[]
2,"RT @SimpsonsQOTD: &#8220;That's a very nice jig, Kearney. Now isn't dancing much more fun than bullying?"" http://t.co/dk7rcqM1FS",['nice'],[]
2,"RT @Smug_Lemur: He loves me *eats a brownie* 
He loves me not *eats a brownie*",['love'],[]
2,"RT @SportsCenter: ""I&#8217;ve had the greatest job in the world. I got a chance to be the shortstop of the New York Yankees.&#8221; - Derek Jeter http:&#8230;",['great'],[]
2,RT @SportsCenter: Derek Jeter leaves baseball as one of the greatest Yankees ever. (via @ESPNMag) http://t.co/MSUwxc3tYx,['great'],[]
2,RT @TDOT_Italians: Sharing food with your mangia cake friends because they love your food #ItalianProblems,['love'],[]
1,RT @TERA1PATRICK: I'm happy for the bung holes and negativity desperate guys spew on here &#128077;a GOOD example of WHAT not to be and what I don'&#8230;,"['happy', 'good']",[]
2,"RT @TheBananaFacts: wiz khalifas's song ""black and yellow"" is a beautiful song about a bruised banana",['beautiful'],[]
2,"RT @TheCheapOne: What you see is what you get! I'm a guy with a love of adventure and a need for speed, Charlie Brown!",['love'],[]
1,"RT @TheGoodGodAbove: Victoria&#8217;s real secret?
Five nipples and a sideways vagina.",['good'],[]
1,RT @Thirst22: Hoes love justifying other hoes actions. That's how you easily know who be hoeing.,['love'],[]
1,RT @ThugLifeIsDead: best twitter beef all time was when @Vidal_Lucia called out Barbara hoe ass for cheating on her college bf with some pa&#8230;,['best'],[]
2,RT @TomArnold: Boy went trick or treating at Charlie Sheen's. Dada not jealous cause all Charlie gave out was really good candy and by cand&#8230;,['good'],[]
1,RT @TorahBlaze: @1SonofYahweh hell yea! I don't know what's wrong w the brothas that love these cave hoes so damn much... #StopItNow,['love'],[]
2,RT @TravelNevada: Great story of what it's REALLY like to be a camel jockey at the Camel Races in @VirginiaCity http://t.co/X02xMAVEqU #Tra&#8230;,['great'],[]
2,RT @TweetTully: This is so great. Regular season ball is for the birds,['great'],[]
1,RT @TweetnAssChiqk: We gotta be pretty. With a perfect body. Smart. Funny . Not too tall. Know how to cook. Be good at sex but not a hoe. H&#8230;,"['perfect', 'good']",[]
2,RT @Vaeflare: ...Because sometimes you just need a moment to appreciate a noble guinea pig with steampunk dragon wings. http://t.co/SeRyx9v&#8230;,['appreciate'],[]
2,RT @VainHumility: Naming my son Caesar. Dawn of the apes is the absolute best movie I've ever seen in my entire life.,['best'],[]
2,RT @VerusFacts: How Shy People Flirt. Learn tips from the best! http://t.co/81PvuHnHaT,['best'],[]
2,RT @VinceSports: Best #CollegeGameday sign ever! The Dak-ness is spreading! Charlie Murphy's True Hollywood Stories. #ChappelleShow http://&#8230;,['best'],[]
1,"RT @WallStWatkins: To get with a hoe, you just need to be cute, have muscles, dress your ass off (swag), or talk a good game.",['good'],[]
2,"RT @WayneDupreeShow: Fear mongering by the left is dying. Wake up, who are you going 2 believe Charlie Rangel and Hussein or Mia Love and C&#8230;",['love'],[]
2,RT @Women_Fit: Use what talent you possess: the woods would be very silent if no birds sang except those that sang best.,['best'],[]
1,RT @WorldStarFunny: we don't love these hoes http://t.co/3waEZGCOVI,['love'],[]
2,RT @Yankees: Show your support during #FleetWeekNYC with #troopthanks. You could be on the @BofA_Community billboard in Times Sq! http://t.&#8230;,"['thank', 'thanks']",[]
1,RT @Yaremisxo: Stop being a hoe so I can love you :/,['love'],[]
1,RT @ZephTheGreat: Not all black girls are ghetto .,['great'],[]
1,RT @_BeautifulKeezy: &#8220;@100046729: &#8220;@_BeautifulKeezy: where tf lyssa toilet mouth ass ? &#128064;&#128530;&#8221; wassup&#8221;you be twatching hoe &#128514;&#128514;,['beautiful'],[]
1,RT @_BeautifulKeezy: &#8220;@100046729: You been the side hoe &#128514;&#128514;&#128514;&#128128;&#128128;&#128074;&#8221;omg &#128514;&#128514;&#128514;&#128514;&#128184;,['beautiful'],[]
2,RT @_JocelynB: Yu hoes just love to pump fake bout y'all lives on these social networks,['love'],[]
2,RT @_WORDtotheWISE: I love when the birds are chirping in the morning #patsgonnasubtweet,['love'],[]
1,RT @_adrizzzle: Happy birthday to my chocolate brotha @1NOnlyDirtyMike &#127880;&#127881; love u hoe http://t.co/iQIxXX1ZNv,"['love', 'happy']",[]
1,"RT @abreumegan_: Sex on 1st date dont mean you a hoe, waiting 90 days wont make you a wife, cute pics dont mean y'all happy, having a title&#8230;",['happy'],[]
1,"RT @allovevie: I know it ain't good, but these hoes gon' do what they wa-wa-waaaaannnnnt.","['love', 'good']",[]
1,"RT @amazingatheist: America is like a drunken redneck flailing his fists around, raving incoherently. He's kind of funny, but also you'r ...",['amazing'],[]
2,RT @amh_1126: s/o #NF @patpatbush thanks for the follow Hun!! &#128536;&#128536;,"['thank', 'thanks']",[]
1,"RT @balvarezzzz: &#8220;@3phonekibagami: @balvarezzzz why you hurt my feelings&#8221; 

Jk 3phone you pull all the hoes wit the nice weaves",['nice'],[]
1,RT @blessedarti: Y'all claim you want a good &amp; loyal girl but keep messing with hoes like I'm confused,['good'],[]
1,RT @chanelisabeth: happy 17th birthday to my main hoe and partner in crime #bountyhunters4lyfe &#127881;&#128299; @Whitecholo23,['happy'],[]
1,RT @djMemphis10: Never hurt your Girlfriend to make a hoe happy &#128175; #djmemphis10,['happy'],[]
2,RT @donnellrawlings: Salute to Derek jetter! Best Yankee ever!,['best'],[]
2,"RT @donthypeme: &#8220;@VSamone: &#8220;@donthypeme: any favorites off yellow album ?&#8221;all of it&#8221;

#theperfectanswer &#127942;",['perfect'],[]
1,RT @dre_snipes: Am I the only one Tht see these hoes pattern. They stop tweet for 3 to 4 weeks and come bac with the same love tweets bout &#8230;,['love'],[]
2,RT @dsrtvet: @FoxNews @tjoy7 And I don't have any confidence NONWHATSOEVER in you Barack! You're the sole reason why this country is in thi&#8230;,['joy'],[]
2,"RT @eanahS__: @1inkkofrosess lol my credit ain't no where near good , but I know the right man for the job .. that ho nice though!","['nice', 'good']",[]
2,RT @ebs_14: This Jimmy Fallon Prank of getting NY Yankees fans to boo Robinson Cano is amazing. http://t.co/XnZKZLly4G via,['amazing'],[]
1,"RT @erdikken: Where are They Now Fads 
Doc Martens -enjoying anal sex 
Girbaud -Posers, wiggers, fake bangers. Now accountants
Jncos -Domin&#8230;",['joy'],[]
2,"RT @fletchworld73: Pulled a dead bird from my garden. 

Grateful to be out of the hot sun, it winked at me with its rotting eye socket.",['grateful'],[]
2,"RT @godsgracelove: #15ThingsILove When he wraps his arms around my waist while I'm making dinner, yellow roses, pearls, Anything COACH a ...",['love'],[]
2,"RT @goodmanwood: Rise+Rhyme #snowpatricksday @busboysandpoets: ON in the AM! Wear your green, dance a jig &amp; sing a lively tune w/ me!
http:&#8230;",['good'],[]
1,"RT @iDavey: Also. RT ""@ParadoxicalMike: I know one ho in particular who loves pointing out that everyone else is a ho. Lol""",['love'],[]
2,RT @iLLmak3Ufamous: Touch my swag. Wish you could. RT &#8220;@VizyIsIgnant: I LOOK FLY. I LOOK GOOD. RT @Wisdom_Stature: On my momma.... On my ho&#8230;,['good'],[]
2,"RT @iLoveyou_Autumn: Bruhhhhh, I want some Oreos and milk. &#128553;",['love'],[]
2,RT @iMDatDudeFish: &#128514;&#128514;&#128514;&#128514; RT @VivaLaKash: #ThotGoals .. RT @LessonswithKate: I wanna learn how to jigg really good so I can be in the circle.,['good'],[]
2,RT @inmysexdreams: I love black shoes cause I can match them with anything but I also need some colored shoes,['love'],[]
2,"RT @jennakimjones: Dear Oreo, What's this I hear about a Watermelon flavor? KEEP YOUR FAKE FRUIT FLAVOR OUT OF MY CRISCO SANDWICHES!!! Love&#8230;",['love'],[]
2,RT @jesscorsonCLE: Does anyone know of a good pet sitter in #CLE/Northeast Ohio? Specifically cats &amp; birds. Thanks! #CLEpets #neo #clevelan&#8230;,"['thank', 'thanks', 'good']",[]
2,"RT @kathyislovely: 'che wigga! RT ""@wigga32: If she puts up with you it's because she loves you, now make it worth her while&amp; love her back&#8230;",['love'],[]
2,RT @koolestbreeze: Thanks Charlie!! http://t.co/iw06cCEkND,"['thank', 'thanks']",[]
1,"RT @kxyIx: Females love stealing someone's boyfriend , that's not cute y'all hoes need some morals &amp; life goals",['love'],[]
2,RT @lexipost30: love birds.,['love'],[]
2,RT @lexxxilove: I wake up in the middle of the night and chug the orange juice straight from the bottle. Sorry mom.,['love'],[]
1,RT @love_andhiphop: Stevie J proved that you can turn a hoe into a housewife.. &#128553;&#128514;&#128175;,['love'],[]
1,"RT @lovexlilyy: &#128514; what gerry sends me, that damn jig a boo&#128514;&#128529; http://t.co/6LYzRxJ5Wn",['love'],[]
1,RT @memethagreat_: When you know you dealing with hoe &#128583;,['great'],[]
2,"RT @metroadlib: i thank every broad in the universe who takes that step forward &amp;puts colored contacts in her eyes.
that's one less person &#8230;",['thank'],[]
2,RT @musedbymusic: Thanks to @TonyJRodriguez I have learned way more than I ever wanted to know about birds...,"['thank', 'thanks']",[]
2,"RT @neverknownfacts: A person needs just three things to be truly happy in the world: someone to love, something to do, and something to ho&#8230;","['love', 'happy']",[]
1,RT @nhalegood: When hoes feel like their photo didnt get enough favorites http://t.co/Gi3xXzBbq9,['good'],[]
2,"RT @nicoleyyrosiee: Remember in 2001 when the Yankees were in Boston and the crowd was cheering USA instead of ""Yankees suck"" I love baseba&#8230;",['love'],[]
2,RT @pambesteder: **WOW* according to this tweet by @Tarascan68 Obama must have been an Uncle Tom? http://t.co/Klcsgy9JPW,['best'],[]
1,RT @peaceloveweed_: These hoes want my belvita http://t.co/DCVveTxeQ1,['love'],[]
1,"RT @reshell_: ""@1inkkofrosess: My ears look good &#128525;&#128525;&#128525;&#128525;&#128540;&#128541;&#128513; http://t.co/fP3R6mkBaC""bsa hoe in yo background",['good'],[]
2,"RT @rickygervais: Have a great day, you lovely fellow apes :) http://t.co/jZL7filv0q","['love', 'great']",[]
2,RT @rickygervais: Humans are genetically closer to chimps than chimps are to gorillas. But we are all apes. Have a great day you clever twe&#8230;,['great'],[]
2,RT @sepinwall: Day 2 of FXX&#8217;s Simpsons marathon &#8212; &#8220;Bart&#8217;s Dog Gets an F&#8221; to &#8220;Last Exit to Springfield&#8221; &#8212;&#160;will be the best consecutive 24 ho&#8230;,['best'],[]
2,RT @syd_renae: @2014Alyssa I have a pink fuzzy one &amp; a silky silver one. Bathrobes are a wonderful thing &#128129;&#128526;&#128525;,['wonderful'],[]
1,RT @thewayoftheid: Viola Davis sans wig is still stuntin on you hoes in the most classically beautiful way. #HTGAWM,['beautiful'],[]
2,"RT @theycallmenavy: @royaltyclubvp @Aswaad88 worse yet u meet a bird with a nice ras and you're like ""something about u looks familiar"" lol&#8230;",['nice'],[]
2,RT @tj_curtin: A birds eye view of today's #harvest14 activities. Thanks @BrentJFF for the great camera work! http://t.co/RgETR4tV4S,"['great', 'thank', 'thanks']",[]
1,RT @tyler_yost: You guys are all the best @brownboy_U @Yojhan174 @caitnicole3 @alexiscarfield @CiCi_Phi love you nig nogs #indyfam,"['love', 'best']",[]
2,"RT @washingtonpost: China's bird flu outbreak: 3 good signs, 3 bad signs and 3 very bad signs http://t.co/v3n67Gs5Mw",['good'],[]
2,RT @wwwobert_: New avi thanks to b Oreo,"['thank', 'thanks']",[]
1,"RT @xo_FCK_LOVE: ""@HelloBrooklynn_: Not sparing no hoes&#128514; http://t.co/q3fskcY6L2"" &#128175;",['love'],[]
1,"RT @yunglex3_: Don't want a good girl, hoes is his choice",['good'],[]
1,RT @zekNcashe: you can't question snoop dogg he a OG he told us not to love these hoes.,['love'],[]
2,"RT: Thank you, Captain. It'll never be the same. @Yankees #Jeter#2 http://t.co/EIe8D8C5cj&#8221;",['thank'],[]
1,Rally's sound good af. But ion have no hoes so we can't take that ride &#128530;,['good'],[]
2,Ravioli stuffed wit lobster nd a nice stuffed clam #eating betterthanamobster http://t.co/PzdoESaR,['nice'],[]
1,Really Barnicle? OJ or Anthony Weiner? MJ is a clown show for #teabaggers and the rich. Come on #msnbc do you want good ratings? #morningjoe,['good'],[]
2,Russel Martin had a miserable season but is quietly having a good September #Yankees #BlueJays #MLB,['good'],[]
1,STOP texting these hoes good morning!,['good'],[]
1,"Same hoes with they ass out tonight gonna be singing ""Jesus Loves Me"" in the morning",['love'],[]
2,Selling ex lax brownies in front of Meijer to pregnant women. #GoodDeed,['good'],[]
2,"Sent ideas in to VOEM , they only seem to wanna hold testing/drills in nice weather, we need to run mock incidents in bad weather, night,",['nice'],[]
2,Shades of Eric Chavez's past gold glove! #Yankees #Oakland,['love'],[]
1,She been a hoe all summer but soon as the fall weather hit she'll probably forget about all that and be a good girl again. That's the cycle,['good'],[]
2,"Shy singer surprises and melts Simons heart: http://t.co/RbCWsvvdJY 

This was so damn beautiful! I almost cried!!",['beautiful'],[]
1,"Shyyyyyt, 12 hours ain't no hoe... &#171;@_SHAYALICIOUS_ This fulltime..12/hr plus overtime and benefits sounds real good to me&#187;",['good'],[]
1,Sike naw I love big smelly hoes doe,['love'],[]
1,Slap my hoes with a rake fake make great cake #illuminati,['great'],[]
1,So I guess I want to be ghetto my dad was poor ... Not in morals or in standards my grandfather was poor... He was great man tho,['great'],[]
2,So am I the only cracker up playing his guitar (thank you @Tampa_Rick ) on this Saturday night?,['thank'],[]
1,So glad I found a good girl and don't have to deal with these wild ass hoes they have nowadays.. Ratchets.,['good'],[]
1,"So what if she a hoe in her city. If she make you happy, move her to Montana and be happy for the rest of y&#8217;all days.",['happy'],[]
2,Some Jihadi posted a bio of the #ISIS boss Mr Awad with excellent sociological info. Can't thank him/her enough for the gift.,"['excellent', 'thank']",[]
2,"Special thanks to Tina, Charlie and staff at Waverly Hills... thanks to everyone that dedicated time to make the... http://bit.ly/aKyqk2","['thank', 'thanks']",[]
1,Stop whacking off in the shower queer boy! @Ilovebamf,['love'],[]
1,"Sure I got a nice car, a 60 inch tv, stainless steel appliances in my apartment and a few thousand twitter followers but I ain't got no hoes",['nice'],[]
2,"Sweet baby birds, you crack me up. ~~ Houston Foodlovers http://t.co/2Idh4BatO1",['love'],[]
2,"TRUST ME #Seattle&gt; WE GIVE #Thanksgiving it's DUE&gt; A huge, flightless bird? Dream come true for European bird eaters.......","['thank', 'thanks']",[]
1,"Tell your bae ""ho tre testicoli"" it means ""I love your eyes"" in Italian",['love'],[]
2,Thank you Charlie #FF @Charlie4927 @StacyDmomof5 @PattiSM74 @RevkahJC @cantUCIMblonde @Kacado,['thank'],[]
2,Thank you Charlie @Charlie4927 @StacyDmomof5 @cantUCIMblonde @RevkahJC @PattiSM74 @Kacado,['thank'],[]
2,"Thank you Charlie, Happy Thursday @Charlie4927 @StacyDmomof5 @PattiSM74 @Kacado @cantUCIMblonde @RevkahJC","['thank', 'happy']",[]
2,"Thank you, hand out that candy Charlie @Charlie4927 @StacyDmomof5 @RevkahJC @cantUCIMblonde @Kacado @PattiSM74",['thank'],[]
2,Thanks @delaney_jade for coming with me last night because it's ghetto and no one else could of handled it! #Summer2014,"['thank', 'thanks']",[]
2,Thanks Charlie @Charlie4927 @RevkahJC @StacyDmomof5 @PattiSM74 @cantUCIMblonde @Kacado,"['thank', 'thanks']",[]
2,Thanks Charlie @Charlie4927 @StacyDmomof5 @RevkahJC @PattiSM74 @cantUCIMblonde @Kacado,"['thank', 'thanks']",[]
2,"Thanks Charlie, have a great evening @Charlie4927 @StacyDmomof5 @RevkahJC @cantUCIMblonde @Kacado @PattiSM74","['great', 'thank', 'thanks']",[]
1,Thanks for that text... I found that hoe..,"['thank', 'thanks']",[]
2,"Thanks to @JoMousley80 cracker tweets today, my pilchards on Krackerwheat are repeating on me like a typical night on the #BBC :-/","['thank', 'thanks']",[]
1,Thanksgiving early hoe http://t.co/A29MLLX62B,"['thank', 'thanks']",[]
1,Thanksgiving with some #fam #Shaylay ignore the chink eyes http://t.co/uyVc2QDG,"['thank', 'thanks']",[]
2,"That dude from Chicago w/ the fuzzy mustache and bangs, Johnny Love, he's whack. #memoriesofidots",['love'],[]
1,"That hoe out there, Fat Trel said it best.",['best'],[]
2,That mocha colored chick doe&gt;&gt;&gt;&gt; think I fell in love&#128525;&#128525;&#128525;,['love'],[]
2,That was not good times! Starting the mickey mouse club soon!,['good'],[]
1,Thats bad when your bestfriend says yu act like a hoe Cx,['best'],[]
2,The Perfect Gift for the Jihadi on Your Shopping List http://t.co/YbcsutdGMw http://t.co/nNwums32b4,['perfect'],[]
2,The Perfect Gift for the Jihadi on Your Shopping List http://t.co/wTNOloSY4t http://t.co/AuTAVOeG2u,['perfect'],[]
2,"The beautiful Fairy Pools near Glenbrittle on the Isle of Skye, Scotland http://t.co/cyi6xSvn97",['beautiful'],[]
2,"The last at-bat at Yankee Stadium. Thanks for making it a good one, Captain. #FarewellCaptain. http://t.co/UVJgbCpcbU","['thank', 'thanks', 'good']",[]
1,The nice side of Long Beach really got hoes lol,['nice'],[]
2,Their salsa negro is awesome... @StacyMungo @Loriisright,['awesome'],[]
1,Them women at the bar @ #happyhour are there for your pleasure them old hoes be pure #savages &#128514;&#128514;&#128514;,['happy'],[]
1,These hoes want love so bad &#128514;&#128514;&#128078;&#128581;,['love'],[]
2,They love me at the place I bring my car to.....I don't know why Spanish men love me... sometimes I do look like a guala though Lol,['love'],[]
2,This is really for @BrianStann RT @JimDaves: @WesDurham Exploding giant yellow ducks. You&#8217;ll appreciate this: http://t.co/SpOhTpl8uV,['appreciate'],[]
2,This. Good. #pricklypear #shiner http://t.co/clfJKT4IZ4,['good'],[]
2,This. Good. #pricklypear #shiner http://t.co/fa02A3aVxQ,['good'],[]
1,Thoughts of her were good from sight and the worst when she opened her mouth.Moral of the story is they look sweet but these hoes sour bruh.,['good'],[]
2,Today is fun but tuesday will be awesome. #IU v #michiganst #1UBB #hoosiers,['awesome'],[]
1,Today's Spy Ops : ( Sexy smooth soles. They would feel good on shaft and balls. Love the grass stains On the other ) http://t.co/J0kceJQd0j,"['love', 'good']",[]
2,Today's Spy Ops: (His soles need a cleaning lick lick. I bet this cuties sneaks smell good) http://t.co/c7Hj3DvNgp,['good'],[]
1,Treatin yo hoe like she yo bestfriend.. Like thats wifey,['best'],[]
1,U coons watching love and hip hop ain't you,['love'],[]
1,Ummm...so the Happy Fairy apparently took a crap on my twitter and made it all...happy.,['happy'],[]
1,Up early on Dat good dope wit my niccas!,['good'],[]
1,"Watch ima hit that hoe later on this summer, finna be the best/most livestock party of 2014!!!",['best'],[]
1,We don't love them hoes !,['love'],[]
1,We don't love these hoes,['love'],[]
1,"We don't love these hoes, I only want one night &#128514;&#128553;&#9996;&#65039; Jayballout #onlywantonenight #312 https://t.co/ooxHCzfGJP",['love'],[]
2,Weekend is here. What an amazing week this has been. Let's use this extended weekend to celebrate our successes my fellow queer folk.,['amazing'],[]
1,Well done? What a coon.,['well done'],[]
2,Well good morning early birds.. t minus 47 mins until thee clock out. Then breakfast shower rub one and sleep!,['good'],[]
2,"What an amazing, proud day it was today for @NKOTB and #blockheads! Time for bed! Good knight!","['amazing', 'good']",[]
2,"Whipped cream &#9829;,&#9829; #endlesslove",['love'],[]
1,Why is it everytime I go to cracker barrel the girl with great tits that seats you who is your waitress nope its the chick with 2 teeth,['great'],[]
1,Without the hoes it was gonna be hard for us to pick out good women so hoes you doing a good job .....keep on hoeing!,['good'],[]
1,Y Rick such a weak hoe n this season? Not a good look fam,['good'],[]
1,Y'all hoes love everyday,['love'],[]
1,"Yaaasss! RT @LoveMsLiz: When a hoe is talking about how they really don't be hoes..... &#128530; like girl, if you gotta explain it.. 9/10 a hoe.",['love'],[]
2,Yankee pinstripes might be the best unis in the MLB but the gray road ones are the worst CC looks like an elephant trapped in a circus tent,['best'],[]
2,Yankees great Joe DiMaggio reportedly used to beat wife Marilyn Monroe. Here she is in 1954 announcing divorce http://t.co/blS7dalMiF,['great'],[]
1,Yea randy that white 745 changed my whole mind that hoe nice,['nice'],[]
1,You can be a hoe in love,['love'],[]
1,"You hoes love sayin ""You think you cute huh"".. Naa, You do..",['love'],[]
1,You know these hoes is no good when all the singers stop making love songs &#128514;&#128514;,"['love', 'good']",[]
2,"Your A Good Gravedigger, Charlie Brown #SpookyBroadway @midnight",['good'],[]
2,Zack still questions my love for Oreos lol,['love'],[]
2,"even nature looks awesome when colored in #663399Becca

http://t.co/8B0fTjGost",['awesome'],[]
2,f u tumblr bc my blog is black &amp; white but there's so many great colored things I could reblog fml,['great'],[]
1,goodnight you stuck up twats for not laughing at my tweets,['good'],[]
1,greatwhiteprivilege: straight people are like &#8220;can we all just be nice to each other&#8221; and queer people are... http://t.co/MiKfbLNZII,"['great', 'nice']",[]
1,happy birthday my nigguh @Dee_gotnoHOES,['happy'],[]
1,"happy bro, happy ho: ""Happy husband key to marriage? U of C study thinks so"" | http://t.co/KkNd87Mv4b http://t.co/kag0xFDd1S",['happy'],[]
1,if uckin love freebees like pom I'm so duck to have here in hm life,['love'],[]
2,like. animal crackers are legit the best snack,['best'],[]
2,loves how Day Timers always come with coloured maps and distance charts. It makes me feel far more important then I actually am.,['love'],[]
1,making sweet love to my hand cause i cant buy a hoe tonight,['love'],[]
2,"thanks for the follow @Jerry_Remy! I may be a @Yankees fan, but you guys are one of the best broadcasters in the @MLB!","['thank', 'thanks', 'best']",[]
1,that hoe that you in love with? that's that hoe I mess around with,['love'],[]
2,this is why i love birds. http://t.co/Gk2wiNhBkw,['love'],[]
2,"trust me, just set the alpha to 0. it's just as good (maybe better) than setting the visibility to false. now: fly on silver bird!",['good'],[]
1,"wishing I could high five whoever named a species of birds ""great tits""",['great'],[]
2,"~~Ruffled | Ntac Eileen Dahlia - Beautiful color combination of pink, orange, yellow &amp; white. A Coll http://t.co/H0dYEBvnZB",['beautiful'],[]
